,id,filename
0,qKM67f4ZhVw,10amazing.csv
1,jWhJIZNHMfo,10amazing.csv
2,Og0moMSyedE,10amazing.csv
3,sinQ06YzbJI,10amazing.csv
4,Dyw_DQ4b4ls,10amazing.csv
5,U1CN33-Jkjs,10amazing.csv
6,7bq6t1ZQOhg,10amazing.csv
7,-4pgkJPZH9E,10amazing.csv
8,70RoT8kiAR4,10amazing.csv
9,kE0BbuBKJ7g,10amazing.csv
10,dCq1hFWSOwo,10amazing.csv
11,7jZjGDi66EY,10amazing.csv
12,EPVkew1fOn0,10amazing.csv
13,4U4lHJ6QYeI,10amazing.csv
14,HQx5Be9g16U,10amazing.csv
15,byOMGJESb1I,10amazing.csv
16,HTcmrHzrayc,10amazing.csv
17,x3gq1p_CwCE,10amazing.csv
18,O8NBaPker14,10amazing.csv
19,kc-LC4AzmMA,10amazing.csv
20,X6SC37kMlkI,10amazing.csv
21,M2kjgToZSFk,10amazing.csv
22,sZ_-yb-TN9M,10amazing.csv
23,_CVE_k3GUDE,10amazing.csv
24,KxwEJWg14Lk,10amazing.csv
25,-C671buZDOY,10amazing.csv
26,CL6Lob8Ep7k,10amazing.csv
27,hK-29Cw1jec,10amazing.csv
28,IBUeWA3CDLE,10amazing.csv
29,S8IESpKbdk8,10amazing.csv
30,MZxtgUoGzMQ,10amazing.csv
31,ouRcDRpsRsA,10amazing.csv
32,E1brBu7et3M,10amazing.csv
33,SoDS3icqMUA,10amazing.csv
34,SyrwvHr5P-U,10amazing.csv
35,Z2_rwr_qEkA,10amazing.csv
36,4_ez2jQdj-w,10amazing.csv
37,0auqYct-K9Q,10amazing.csv
38,MRD0Bqc6Xdc,10amazing.csv
39,qh4lLQUAhaM,10amazing.csv
40,-7pRN5DUasI,10amazing.csv
41,_2o-2P8waJs,10amazing.csv
42,OS8BUUbYCO0,10amazing.csv
43,2tcd5BOKR7I,10amazing.csv
44,k-QdTpIp5m0,10amazing.csv
45,GDjei6XluXY,10amazing.csv
46,A23DllTDk2Y,10amazing.csv
47,cBi4txEe0vQ,10amazing.csv
48,GkfzfMlFE30,10amazing.csv
49,0uxk9g-NN6A,10Celebrities.csv
50,ipz5h6kO7Jc,10Celebrities.csv
51,aUdqtNX-CYA,10Celebrities.csv
52,XvM8bgweH74,10Celebrities.csv
53,rF1VRFNNtzs,10Celebrities.csv
54,reLUx5auh_I,10Celebrities.csv
55,75x0yB3x00o,10Celebrities.csv
56,cz92omi_Oqc,10Celebrities.csv
57,_-Sbhgl6FtA,10Celebrities.csv
58,vbzT8chjzB8,10Celebrities.csv
59,aHPKWjTmDEU,10Celebrities.csv
60,tea5OrZOuwk,10Celebrities.csv
61,tqxYRFZvzLA,10Celebrities.csv
62,1qplYD9tXOo,10Celebrities.csv
63,Rrg6Y_Iau5g,10Celebrities.csv
64,ut0ENaUjNnI,10Celebrities.csv
65,o5TcPEzWgg0,10Celebrities.csv
66,s0R3DLY1uaE,10Celebrities.csv
67,C0GbcaMq5GY,10Celebrities.csv
68,Qaq54hZwRqw,10Celebrities.csv
69,F7y6VYCqCAo,10Celebrities.csv
70,BJjiXial_uE,10Celebrities.csv
71,_ad83KJVATQ,10Celebrities.csv
72,HgD4jzAotfY,10Celebrities.csv
73,G_ggNiLxPq4,10Celebrities.csv
74,bKyXLTT44xE,10Celebrities.csv
75,O1ibYdhVFlY,10Celebrities.csv
76,9O89l9d13LE,10Celebrities.csv
77,xXPTPcTPxLg,10Celebrities.csv
78,_7GQLRCx_h8,10Celebrities.csv
79,4AF59HIovEI,10Celebrities.csv
80,FHcWFRzC3hw,10Celebrities.csv
81,ZK8f5s_wzeo,10Celebrities.csv
82,SqFUkp5HsFs,10Celebrities.csv
83,6FM5agLQG8Y,10Celebrities.csv
84,7GnkCu8Igg0,10Celebrities.csv
85,TE0iVuVooUg,10Celebrities.csv
86,x0EIo5Nv2bI,10Celebrities.csv
87,Aw_lKpeLLbo,10Celebrities.csv
88,aGJLOXqZEmI,10Celebrities.csv
89,Wmp_46ce5Mw,10Celebrities.csv
90,HwCszd1RBs8,10Celebrities.csv
91,G4l1B4y-Iqc,10Celebrities.csv
92,QSHw5GbQpT4,10Celebrities.csv
93,GaNANGH4PIA,10Celebrities.csv
94,j5Oy5xh5WZg,10Celebrities.csv
95,YC8WhYknOh8,10Celebrities.csv
96,5mjEr_RkMVc,10Celebrities.csv
97,yfjJ76twjOQ,10Celebrities.csv
98,F1Z6ZZRsyOY,10Celebrities.csv
99,vT4llluorD8,10Futuristic.csv
100,gEdNlvqPEiw,10Futuristic.csv
101,XnFgoeekL0s,10Futuristic.csv
102,KzNwHwvx8WM,10Futuristic.csv
103,ASJG1ItPiro,10Futuristic.csv
104,bDFamtIo5fQ,10Futuristic.csv
105,ZGeCcI4d2t0,10Futuristic.csv
106,eRCKYLjR7yw,10Futuristic.csv
107,_lcHBMPrtQA,10Futuristic.csv
108,d4f14hpZh70,10Futuristic.csv
109,iKUaA2_m8D4,10Futuristic.csv
110,_OeEqAx0FWA,10Futuristic.csv
111,lnkuBEu1FVY,10Futuristic.csv
112,wBn4-xDr__A,10Futuristic.csv
113,JMtThWjZiqY,10Futuristic.csv
114,3XzdnayAvhg,10Futuristic.csv
115,BN7gDCpcXRc,10Futuristic.csv
116,cFedYsrfIsw,10Futuristic.csv
117,7nJivVk8XHE,10Futuristic.csv
118,eFS4l4RTeno,10Futuristic.csv
119,5oGyefCBmpA,10Futuristic.csv
120,NpkJ206tj6s,10Futuristic.csv
121,YMtS13VrFC0,10Futuristic.csv
122,V6C0XMhyKLo,10Futuristic.csv
123,HDSvnwbTJVs,10Futuristic.csv
124,sQgUO5Q4dR8,10Futuristic.csv
125,S3VIpw0HAko,10Futuristic.csv
126,OevuzKt7nWg,10Futuristic.csv
127,67DiOe4gwCI,10Futuristic.csv
128,A6U9db8wMW8,10Futuristic.csv
129,QUq0-mW5cJ0,10Futuristic.csv
130,Nu0OcSt6aPA,10Futuristic.csv
131,3KnkNFkUewY,10Futuristic.csv
132,sCe2EXtbLbE,10Futuristic.csv
133,JAvB6hgVJR8,10Futuristic.csv
134,rbaYkFEMXqI,10Futuristic.csv
135,WI_EEGpaYCA,10Futuristic.csv
136,CG8iyPV5FQU,10Futuristic.csv
137,WgE6KV4fXuw,10Futuristic.csv
138,0hpJl_udzEo,10Futuristic.csv
139,P0v639A-pYs,10Futuristic.csv
140,u2rwO8JQdGE,10Futuristic.csv
141,DFgpHwShP_g,10Futuristic.csv
142,cwMoqoSO7bs,10Futuristic.csv
143,kqHqhEbN_SY,10Futuristic.csv
144,D9fCvicxxLo,10Futuristic.csv
145,w55OWIChKYU,10Futuristic.csv
146,OSFFx_tASr4,10Futuristic.csv
147,_a1bKr0MMaU,10Futuristic.csv
148,l5HfxrthR1I,10Futuristic.csv
149,0_2SDqjtzFk,10LUCKIEST.csv
150,SXVojpMmIW4,10LUCKIEST.csv
151,H-IweA84s60,10LUCKIEST.csv
152,1zjK0XB-Rv4,10LUCKIEST.csv
153,3Ma8Jqa8Af8,10LUCKIEST.csv
154,O4wbCVRhkiA,10LUCKIEST.csv
155,7mVKu8GNXg0,10LUCKIEST.csv
156,hRl5W9cXUjk,10LUCKIEST.csv
157,LYTg_TS0CQw,10LUCKIEST.csv
158,hdFova4fmiE,10LUCKIEST.csv
159,wQXAiybjbPw,10LUCKIEST.csv
160,Pg2GL_AQuHA,10LUCKIEST.csv
161,FHqcMaDt4zQ,10LUCKIEST.csv
162,073CNo9S3X0,10LUCKIEST.csv
163,QB_5QhU7eCs,10LUCKIEST.csv
164,YDdWoJAL8MY,10LUCKIEST.csv
165,XIfJJhhUf3A,10LUCKIEST.csv
166,rwulwsSDiqw,10LUCKIEST.csv
167,A3HswlQFQU0,10LUCKIEST.csv
168,4eEJuX1l0k4,10LUCKIEST.csv
169,oHw5zo9kocA,10LUCKIEST.csv
170,6B_GAZ3jHKg,10LUCKIEST.csv
171,1p_koC4e0Sw,10LUCKIEST.csv
172,jKfxEOlM6cw,10LUCKIEST.csv
173,ML9d8rOdYWg,10LUCKIEST.csv
174,7WAS6rnEHEQ,10LUCKIEST.csv
175,pWxvJlt-1_U,10LUCKIEST.csv
176,CLGt6JuHCGw,10LUCKIEST.csv
177,0Ei2OeNirls,10LUCKIEST.csv
178,wm0ywsD9V88,10LUCKIEST.csv
179,wFxUDJW181o,10LUCKIEST.csv
180,LuGGnohTWmU,10LUCKIEST.csv
181,AFcJpIC7qxA,10LUCKIEST.csv
182,KH7DrCTstqU,10LUCKIEST.csv
183,NACvdVIBxnA,10LUCKIEST.csv
184,l5jYTpICN0s,10LUCKIEST.csv
185,DlgdNSmXGOs,10LUCKIEST.csv
186,oxvqjqGPnPA,10LUCKIEST.csv
187,GzvrQTI3WP0,10LUCKIEST.csv
188,yfAWjpMHUe0,10LUCKIEST.csv
189,I--EAUe-7pk,10LUCKIEST.csv
190,nl9zl9KR87Q,10LUCKIEST.csv
191,COcXzmGO3S0,10LUCKIEST.csv
192,Hy_de39Q9po,10LUCKIEST.csv
193,3imZQC-4yig,10LUCKIEST.csv
194,Ja-4ee59ELE,10LUCKIEST.csv
195,S2sUXr5TVrY,10LUCKIEST.csv
196,RESe0U4Xz2Q,10LUCKIEST.csv
197,VuTW62Zn-gs,11amazing.csv
198,Ohd7jGr26xk,11amazing.csv
199,FFeXACkYVP0,11amazing.csv
200,DxAYQbeafvg,11amazing.csv
201,Jf4twv7y0dA,11amazing.csv
202,xpT-5uWyjjs,11amazing.csv
203,GC_K01ymato,11amazing.csv
204,5sEnMtLz4PM,11amazing.csv
205,En0audfHEfY,11amazing.csv
206,XWzF_yYQNfM,11amazing.csv
207,yuN3zKq6KLg,11amazing.csv
208,MxWjA_PpTdk,11amazing.csv
209,BaQwYS9VOLs,11amazing.csv
210,HpshO_rK1WM,11amazing.csv
211,8FDMutuESyE,11amazing.csv
212,eIVIQPTdNX4,11amazing.csv
213,EigaLAIVH4g,11amazing.csv
214,DdsDRG2vQqw,11amazing.csv
215,D1P31rS6x9o,11amazing.csv
216,d2W6QB7qVIA,11amazing.csv
217,YLZ9ivTs30k,11amazing.csv
218,DPVnFMDrrGk,11amazing.csv
219,4BOX8DWskig,11amazing.csv
220,znX1B7oA830,11amazing.csv
221,IyIGhvsUR0U,11amazing.csv
222,htkZfQLK514,11amazing.csv
223,TkHoCBON9ck,11amazing.csv
224,1GCyjBZhjyA,11amazing.csv
225,cVh4vTixmCU,11amazing.csv
226,D8MxZipANNM,11amazing.csv
227,RgdryIjRPmg,11amazing.csv
228,E3Xk2dbKMf4,11amazing.csv
229,NeJyLycHtrM,11amazing.csv
230,BIqVvRh_cEY,11amazing.csv
231,MdaIiwt7mfY,11amazing.csv
232,a5eAAzScwQ8,11amazing.csv
233,kbxmIngHvlk,11amazing.csv
234,qNexCA8xvcg,11amazing.csv
235,47vUQENn8W0,11amazing.csv
236,F552LQmh86M,11amazing.csv
237,4zeqMuYmE-Y,11amazing.csv
238,hJqJuNEqiCk,11amazing.csv
239,w8yrrlcfULQ,11amazing.csv
240,RM6lUkkMlxQ,11amazing.csv
241,q8OgfTrekC0,11amazing.csv
242,XApyUQDsSLo,11amazing.csv
243,O-_dwEgL_aU,11amazing.csv
244,e4LBkrNnsok,11amazing.csv
245,_9ErSIXb8Co,11amazing.csv
246,K84SEHNL0cI,11amazing.csv
247,nLV-rckNsL0,12amazing.csv
248,FLNunyMGRSk,12amazing.csv
249,p0jzqMGK1dU,12amazing.csv
250,CgHbWgA-E18,12amazing.csv
251,wR9AAcgonw8,12amazing.csv
252,TJ8Ss6JJT-s,12amazing.csv
253,TD4V2RnpVdY,12amazing.csv
254,cIgUckpv9bE,12amazing.csv
255,T7HlyTnNUx8,12amazing.csv
256,GA2PPQBgFDk,12amazing.csv
257,nUam6ysI2NY,12amazing.csv
258,luQTK15AN0w,12amazing.csv
259,BFp6l-eu6Wg,12amazing.csv
260,XBgjycm7akY,12amazing.csv
261,VYZD2DzYW9k,12amazing.csv
262,PLaPV1Qhvaw,12amazing.csv
263,ViW-64T40U0,12amazing.csv
264,NMlh9teYVUI,12amazing.csv
265,n8031IOFFZk,12amazing.csv
266,mj20Grm6_2w,12amazing.csv
267,cP0smXpDEJg,12amazing.csv
268,givmtvlteBU,12amazing.csv
269,TahPzwov2Xo,12amazing.csv
270,_1zmEk2IG8s,12amazing.csv
271,29ULiKCUJpc,12amazing.csv
272,qyMuz-5ggDs,12amazing.csv
273,xxkslPcZajM,12amazing.csv
274,hz6ghvVbKpY,12amazing.csv
275,xcLz7lO5Uig,12amazing.csv
276,86BX_0av_cg,12amazing.csv
277,aqbY-aS9diA,12amazing.csv
278,r4R_1PBZwzs,12amazing.csv
279,2_o9Lm7U5x8,12amazing.csv
280,gJBN6pWE4o8,12amazing.csv
281,quW18qfwbPQ,12amazing.csv
282,BrPe1dQWqt8,12amazing.csv
283,YrD7LxfIZvo,12amazing.csv
284,xl7u3lQeD0g,12amazing.csv
285,tFMuEa8yp6Q,12amazing.csv
286,-wnPgSKQsvo,12amazing.csv
287,CiYqLsbFyuc,12amazing.csv
288,gM4VmyqvocQ,12amazing.csv
289,OVErkjJ0SbE,12amazing.csv
290,PugC4Ip2ugw,12amazing.csv
291,Rfvqfm9T7Lc,12amazing.csv
292,NNG25-4USIk,12amazing.csv
293,vro73EqkvC8,12amazing.csv
294,CspGLcDdMEY,12amazing.csv
295,vlFHl-eVYJg,12amazing.csv
296,B_b0OO6txao,12amazing.csv
297,toPLjiMSUyo,13amazing.csv
298,o1tuQfp4PbA,13amazing.csv
299,Dr1Rb-bwDc4,13amazing.csv
300,v0T3av5bex0,13amazing.csv
301,X1PsuaqmJjA,13amazing.csv
302,JumB_vHu0TQ,13amazing.csv
303,YDRWr87yTlM,13amazing.csv
304,UNLL19OdG20,13amazing.csv
305,SfGvAuQeTHw,13amazing.csv
306,nA-x34op9Ic,13amazing.csv
307,Q6AZomXoD8w,13amazing.csv
308,4-Dskw7LGOY,13amazing.csv
309,Wcid7K8foPM,13amazing.csv
310,JMnpN_NFBtQ,13amazing.csv
311,J5oc07aFeqY,13amazing.csv
312,s0LARcfcE1k,13amazing.csv
313,GQnAvG92gHs,13amazing.csv
314,hJBXVW_UJRE,13amazing.csv
315,GnWmzDP-uGM,13amazing.csv
316,ZHuQ6xdB0pc,13amazing.csv
317,RbSVX6dxMU4,13amazing.csv
318,bMwLm16_Q-0,13amazing.csv
319,LrA-0IcOYFo,13amazing.csv
320,JFvOoVRlg04,13amazing.csv
321,GQTw28V27mc,13amazing.csv
322,EH_KDDGdtDg,13amazing.csv
323,0Pfx6eT_afs,13amazing.csv
324,sZwv0ig-eas,13amazing.csv
325,qo6p2V3sUyM,13amazing.csv
326,GAMb7V0WTIo,13amazing.csv
327,fgcmdTjuNow,13amazing.csv
328,Ic-kAh3sKLA,13amazing.csv
329,IpkcwLabQq8,13amazing.csv
330,65P4V7DEvTE,13amazing.csv
331,UYXxcVVJXk8,13amazing.csv
332,gaBMKgRkDqQ,13amazing.csv
333,0LVdLo4pWtk,13amazing.csv
334,l2bJhEjXUVM,13amazing.csv
335,ac95lFUz4CU,13amazing.csv
336,HKZrZn8h_Yg,13amazing.csv
337,Qq7BcT6OeKM,13amazing.csv
338,eJjzyDLcRpg,13amazing.csv
339,oKCWm9N1reE,13amazing.csv
340,pvDIB9nzVeo,13amazing.csv
341,-czfkc94MGc,13amazing.csv
342,VorDD0X3VfE,13amazing.csv
343,oARQ7AaMZGM,13amazing.csv
344,j7griT31U9Q,13amazing.csv
345,9WGVHzs3HQc,13amazing.csv
346,rRi9mf4eHIw,13amazing.csv
347,-sJ9HF6-IrQ,14amazing.csv
348,MADXDMkD3qQ,14amazing.csv
349,85hvtPCB0lo,14amazing.csv
350,0nTzBj9TVLE,14amazing.csv
351,ht1JML6EmJg,14amazing.csv
352,89lPh_T43hk,14amazing.csv
353,AcZDT16luYo,14amazing.csv
354,o57OJQQcwYU,14amazing.csv
355,KYsnGsVGxQo,14amazing.csv
356,2eGPpSB93Sg,14amazing.csv
357,kTLGfSVRVSo,14amazing.csv
358,XxRml116TbE,14amazing.csv
359,MU9bKT5-Xm0,14amazing.csv
360,sCf0gNvtaAc,14amazing.csv
361,XmXCA3y2MSc,14amazing.csv
362,LIvUfANEG2Q,14amazing.csv
363,m5PJpQ7v2-k,14amazing.csv
364,J0IClDgU5u0,14amazing.csv
365,DCxdhuhj1KA,14amazing.csv
366,g7KCFpALTrI,14amazing.csv
367,XoHBW2SwfkU,14amazing.csv
368,BCzKD6PkYTg,14amazing.csv
369,Sv9-P50CGog,14amazing.csv
370,Vgq701f-bPg,14amazing.csv
371,REqi5AIlpbY,14amazing.csv
372,bQC5p4usPY4,14amazing.csv
373,_YVIWywU6Fg,14amazing.csv
374,fI55273a4Hs,14amazing.csv
375,74mxf8LW-Ds,14amazing.csv
376,BPU1E2AqKfM,14amazing.csv
377,H0EZw7aMyEc,14amazing.csv
378,q2Y_DKxegNM,14amazing.csv
379,uL2ACiqM4-c,14amazing.csv
380,f_vTlnoqilc,14amazing.csv
381,WH045gYUOHY,14amazing.csv
382,jmL4u6O6_Ug,14amazing.csv
383,JlV-GsicnWE,14amazing.csv
384,U2kLMUz6jEo,14amazing.csv
385,9ry-UzMCujk,14amazing.csv
386,Z_hHSmLotag,14amazing.csv
387,9PPh6BNOFEI,14amazing.csv
388,9-6_220b9ug,14amazing.csv
389,ZNwz36Lr6EM,14amazing.csv
390,nmiVIdlG69E,14amazing.csv
391,zFNXzjSpbho,14amazing.csv
392,R42pVpZNKDg,14amazing.csv
393,ifDG1ci5yb8,14amazing.csv
394,MNjcpAcgikM,14amazing.csv
395,el3MaKfaLH0,14amazing.csv
396,Cz5f-sXB4Uo,14amazing.csv
397,NZgf1VsbsO4,15amazing.csv
398,iKIIJVNtHq4,15amazing.csv
399,O5A8dqcdi5Q,15amazing.csv
400,d-fO2ng8v94,15amazing.csv
401,JrzxhsQrQmc,15amazing.csv
402,dE3Iv1YlEoU,15amazing.csv
403,DPzjS85KrOw,15amazing.csv
404,t1mzf1XLByQ,15amazing.csv
405,wFqTTRuRPys,15amazing.csv
406,0FeRarCuGhE,15amazing.csv
407,Sk96Y21kxdE,15amazing.csv
408,0swVAIL0xxk,15amazing.csv
409,fKaoCq8SKBo,15amazing.csv
410,Bw4QrNMW2ig,15amazing.csv
411,Kkp4H1_fBvs,15amazing.csv
412,ZdkIVRcw86A,15amazing.csv
413,_kCHZInkD74,15amazing.csv
414,6A32QHxHix0,15amazing.csv
415,_5rMLZLUXLY,15amazing.csv
416,l7nklLhXBk4,15amazing.csv
417,Hn0V1t6-SN0,15amazing.csv
418,jHBPfmA3pdg,15amazing.csv
419,yzOSZ5RnywY,15amazing.csv
420,ZoIpW6IbRH0,15amazing.csv
421,oAsvY52Ch2E,15amazing.csv
422,XmAWgQHFm4s,15amazing.csv
423,bcGvilRuyJ0,15amazing.csv
424,77_uVwSDex0,15amazing.csv
425,m_s6UHUlu0Q,15amazing.csv
426,xrP5r4I4Ux4,15amazing.csv
427,zSYselRrsyM,15amazing.csv
428,JEkoICFNQ3k,15amazing.csv
429,cQJvQhC3JRE,15amazing.csv
430,kuEtOK0VlLY,15amazing.csv
431,lQSrJPQbSAA,15amazing.csv
432,U6wMN1rmo7k,15amazing.csv
433,jaIthaRWcoI,15amazing.csv
434,SmVEvj7GzFA,15amazing.csv
435,k9ZAxS-3uPw,15amazing.csv
436,qAdqqWu_jMw,15amazing.csv
437,NkdIE9nhGR8,15amazing.csv
438,4ODGaTC2f_g,15amazing.csv
439,C3TvZChXm_U,15amazing.csv
440,ntmLznvzMuY,15amazing.csv
441,5jLJTpBZhmw,15amazing.csv
442,WH6BhRP9bao,15amazing.csv
443,EYDBNwZ1FME,15amazing.csv
444,6RsHVwKs4dY,15amazing.csv
445,-P8xrVo2Q6o,15amazing.csv
446,qrowph5oCIw,15amazing.csv
447,j2N0Aks8bQ0,16amazing.csv
448,ig87QARo_Yk,16amazing.csv
449,_bcud341e6Y,16amazing.csv
450,Th2GttSbhTM,16amazing.csv
451,BtGKYbmpbDM,16amazing.csv
452,X1zEOa4EMBY,16amazing.csv
453,pPKOqgfN11k,16amazing.csv
454,jySrwZc4sZo,16amazing.csv
455,2nTm9WVDA94,16amazing.csv
456,XUqjCbjbCxo,16amazing.csv
457,VB-_Zn4YMIc,16amazing.csv
458,nPMK4XklbwI,16amazing.csv
459,jTe3Oow-Qvg,16amazing.csv
460,OyX-0y1ehGk,16amazing.csv
461,iLwl2-i9-LI,16amazing.csv
462,8DITpZQmvg4,16amazing.csv
463,SDQrl1Gket8,16amazing.csv
464,qLea0ZPoi9k,16amazing.csv
465,cVsG0p71dJI,16amazing.csv
466,85fJMv2mJhQ,16amazing.csv
467,nTCCXOExMO0,16amazing.csv
468,XUDwAi05WJw,16amazing.csv
469,qwDUYJ-piZA,16amazing.csv
470,CW5QBy2QhFM,16amazing.csv
471,o2g4s8H_faI,16amazing.csv
472,EJx2K30boYk,16amazing.csv
473,fXBdBg29uu4,16amazing.csv
474,Jn57BCqp7Ls,16amazing.csv
475,r6JWKU5_b_0,16amazing.csv
476,uY-S120IceQ,16amazing.csv
477,3r8iGx9iBfU,16amazing.csv
478,pi9PqjHT0R8,16amazing.csv
479,q25n72U3R9k,16amazing.csv
480,tf5qt7lA5Kw,16amazing.csv
481,w5kH-U-m7CI,16amazing.csv
482,dCZUZPghPiQ,16amazing.csv
483,QmJuCIOquI0,16amazing.csv
484,I79rp0U90uE,16amazing.csv
485,mMQOE49mE18,16amazing.csv
486,Z30muyzaqik,16amazing.csv
487,h11rK5YlZzw,16amazing.csv
488,6SITiPhZVok,16amazing.csv
489,ghgm-2bUoxg,16amazing.csv
490,B-tFi_C3o_o,16amazing.csv
491,Qw1vHFI3ld0,16amazing.csv
492,A8J68QcMBwo,16amazing.csv
493,YTJBcLWeYoU,16amazing.csv
494,P3pIbg4hxb0,16amazing.csv
495,pxYziY0Qr1E,16amazing.csv
496,wEgllGqKotg,16amazing.csv
497,pFHA6SGG9eg,17amazing.csv
498,G2uzTDlsy-w,17amazing.csv
499,bbjmcc_r4Tw,17amazing.csv
500,Z2wpWGxcVxs,17amazing.csv
501,PN_pqylVVuQ,17amazing.csv
502,AlC3KRvmt-0,17amazing.csv
503,S9cfXMvrFeM,17amazing.csv
504,2nkQvIARaUw,17amazing.csv
505,d5CxTgKL81M,17amazing.csv
506,HDo1-x2hzY0,17amazing.csv
507,7NNbvY4_WvU,17amazing.csv
508,fgkR86vOiLc,17amazing.csv
509,R0_WOS9ek5g,17amazing.csv
510,j0iAoCz6yKw,17amazing.csv
511,QLBr-BpxhrI,17amazing.csv
512,Q4DeRrdFIs8,17amazing.csv
513,O55QnL9rM0Q,17amazing.csv
514,PFd3ccVMLxs,17amazing.csv
515,GqiJL_JUWAE,17amazing.csv
516,qSgzJ_WfyDI,17amazing.csv
517,ILQX8kWwAeM,17amazing.csv
518,kIfrrjl6vEk,17amazing.csv
519,i0YgN61Q1HM,17amazing.csv
520,sza0yT66wzA,17amazing.csv
521,Skuwe-KqCls,17amazing.csv
522,rTtGSU2bICI,17amazing.csv
523,ZhoOh18VOU4,17amazing.csv
524,Ggn9HMsmZR0,17amazing.csv
525,PSy-oSNjRmQ,17amazing.csv
526,YM9Tt3395Uc,17amazing.csv
527,ix86nmbxD2M,17amazing.csv
528,JcXjgE8ZJNI,17amazing.csv
529,9zbdkjh_pTA,17amazing.csv
530,K9xDDldoxA8,17amazing.csv
531,Dz5gZy4UnhA,17amazing.csv
532,9UCaIiZS3g4,17amazing.csv
533,eKnlLRmqnfU,17amazing.csv
534,W6pSMTqq-bU,17amazing.csv
535,E-LWem8_sV4,17amazing.csv
536,jQfowFfaSDo,17amazing.csv
537,aWvLLIDi04E,17amazing.csv
538,tORyXbx3tUs,17amazing.csv
539,1TyP3P_EwxY,17amazing.csv
540,Gg0ieDMKAFI,17amazing.csv
541,_QhJ27VGD0E,17amazing.csv
542,fb-MMpglEJ4,17amazing.csv
543,0qRn_4h-6AA,17amazing.csv
544,oEnKKUFUqvU,17amazing.csv
545,aDN2rnYQ_l8,17amazing.csv
546,vAE2_S1qC1s,18amazing.csv
547,g2-Kr3sG3FE,18amazing.csv
548,Ua9yG-MQ_gQ,18amazing.csv
549,NUs-0OxTLF0,18amazing.csv
550,wT8U7yAtdCU,18amazing.csv
551,6RsHVwKs4dY,18amazing.csv
552,BtKXNRn4WxY,18amazing.csv
553,PNIeRyRyskw,18amazing.csv
554,VG2BfPaVYl0,18amazing.csv
555,A9DMXY5_K6g,18amazing.csv
556,9PPh6BNOFEI,18amazing.csv
557,1_frtGXnIuM,18amazing.csv
558,C9y85xyXxZI,18amazing.csv
559,7MHJUNiEUds,18amazing.csv
560,IoCze01-d48,18amazing.csv
561,JQIr6Xb4t90,18amazing.csv
562,E6DANRXoGag,18amazing.csv
563,zGwSGKLsL0k,18amazing.csv
564,8akoRT6Doqo,18amazing.csv
565,Q5J4EJpHvoA,18amazing.csv
566,d8x5QzCqtlg,18amazing.csv
567,YkVBsW9oLOM,18amazing.csv
568,glgij3YbmVQ,18amazing.csv
569,mnpjAmcw51I,18amazing.csv
570,LTYKsjv2PhU,18amazing.csv
571,mjjcQIbMx8g,18amazing.csv
572,Aq4Qav9dbdQ,18amazing.csv
573,CQe_HAprJN4,18amazing.csv
574,8ZsFrUjC-1k,18amazing.csv
575,F06VjGJZj9A,18amazing.csv
576,FaNHUwP_EFg,18amazing.csv
577,Jmrts8uDpCw,18amazing.csv
578,8vt5Psspm9M,18amazing.csv
579,Svhe7Mpv58o,18amazing.csv
580,npOk_AUYxFM,18amazing.csv
581,janjlJn6hIA,18amazing.csv
582,kCTF6LUJtq4,18amazing.csv
583,JG39ME1BDts,18amazing.csv
584,sB92yF8oHmI,18amazing.csv
585,NB_GGdXCVB0,18amazing.csv
586,SfJZx1wT8R4,18amazing.csv
587,lvOZjuIFmPc,18amazing.csv
588,Bmf-yY7xmBQ,18amazing.csv
589,C29l8nap4l0,18amazing.csv
590,GpfGtv6pNoo,18amazing.csv
591,VpusReEY7fE,18amazing.csv
592,SANeDXYRGXg,18amazing.csv
593,RWWGThtE8L8,18amazing.csv
594,NnPJ_eFJT9o,18amazing.csv
595,kGq6sizT6zA,18amazing.csv
596,yegK9MwhLpQ,19amazing.csv
597,Higf0ihhB0w,19amazing.csv
598,tUw5j856moc,19amazing.csv
599,sZ9IYHoJkfc,19amazing.csv
600,WgK_ojfjoeM,19amazing.csv
601,O8i09c3Kwmc,19amazing.csv
602,-gbwIPaUg4k,19amazing.csv
603,EPBoGqZAJZs,19amazing.csv
604,k43xo6V9ZH8,19amazing.csv
605,b2O8MeC9gxs,19amazing.csv
606,31_KkZGDAmA,19amazing.csv
607,APFLnWRSPcY,19amazing.csv
608,xhf4TM-3FsE,19amazing.csv
609,gKN3jBfhn1w,19amazing.csv
610,RiSmT2B5U90,19amazing.csv
611,HIIYuItVpZA,19amazing.csv
612,YrD7LxfIZvo,19amazing.csv
613,1omWsTNq0ns,19amazing.csv
614,W4Uf2dXRTSU,19amazing.csv
615,vfV_nv5wUgQ,19amazing.csv
616,StWX6QrwP6w,19amazing.csv
617,m3pcQUZwyrQ,19amazing.csv
618,pJDm-SWzOQM,19amazing.csv
619,TBhk8jTVuHM,19amazing.csv
620,YW7AATXw5FQ,19amazing.csv
621,ATT7NJmMkeA,19amazing.csv
622,tJvZ2LXH9fc,19amazing.csv
623,FIslJxtetTw,19amazing.csv
624,sdqSVVnblF8,19amazing.csv
625,ypwO4fEJHRc,19amazing.csv
626,zu4bOj0Ehas,19amazing.csv
627,rbXuT35hsXs,19amazing.csv
628,G4Q1hI8Y-Nc,19amazing.csv
629,j7u8CTOsrFI,19amazing.csv
630,-xPgipJITa0,19amazing.csv
631,lwOsJb2Y5Ew,19amazing.csv
632,Osy4i3AGjG0,19amazing.csv
633,egzKhTDe-98,19amazing.csv
634,HKtZ0HfVst4,19amazing.csv
635,Tpay6EYmqwo,19amazing.csv
636,7piT2cvB-qc,19amazing.csv
637,NS_UhqugeH8,19amazing.csv
638,DqJeuwEV4hM,19amazing.csv
639,azjbsIF0kWw,19amazing.csv
640,-DOGSkt4dGM,19amazing.csv
641,uxT4QICcIyI,19amazing.csv
642,uBirXzEwwsI,19amazing.csv
643,qvQG6GH9Nng,19amazing.csv
644,djFSVmvjvcw,19amazing.csv
645,ia8Wzvxek7A,19amazing.csv
646,vzopTRZzh-Y,20amazing.csv
647,kQrAgWAzDlk,20amazing.csv
648,jLOs6y8lapM,20amazing.csv
649,Ir3xWCIIdyY,20amazing.csv
650,t1P_Y5-ilYs,20amazing.csv
651,vVoC_laYVZQ,20amazing.csv
652,zuHvltvcCAM,20amazing.csv
653,7SF_ep-X19E,20amazing.csv
654,9Xn8Bnj5WHY,20amazing.csv
655,XVJ7Q9jeTVA,20amazing.csv
656,b0HBzrB8ock,20amazing.csv
657,Ruw2QmkUjX4,20amazing.csv
658,u3c7bII1UX4,20amazing.csv
659,XcJ8be2mrso,20amazing.csv
660,wxZKnstDTaY,20amazing.csv
661,qffhoRDKRo8,20amazing.csv
662,OLRhJVH2mBA,20amazing.csv
663,AQDEXwJLdPg,20amazing.csv
664,eqq3PIYBFLg,20amazing.csv
665,s6Og9FDcUqQ,20amazing.csv
666,DT3e6IpnH4Q,20amazing.csv
667,2s6YqV28KDo,20amazing.csv
668,ultKgzEzUEs,20amazing.csv
669,8cdkzc6V9TI,20amazing.csv
670,Xmsth6qm3Vs,20amazing.csv
671,HBOnRgOmSmU,20amazing.csv
672,Wx_p-ubwvR4,20amazing.csv
673,9rmLICbES8I,20amazing.csv
674,5uCYCkvisd4,20amazing.csv
675,uTdOD7R5y6c,20amazing.csv
676,tvNJeOR7Pcs,20amazing.csv
677,wVcP73kp0V8,20amazing.csv
678,j_-vn-O77A8,20amazing.csv
679,BEPLsCKCflY,20amazing.csv
680,FYY3-6Uejtw,20amazing.csv
681,cn7OYQ2iHhE,20amazing.csv
682,mvKZFQrGhV4,20amazing.csv
683,pSQwccXrEdI,20amazing.csv
684,gdsMsPzqDCw,20amazing.csv
685,nXnRJFWHuFE,20amazing.csv
686,pU4WwsoC26A,20amazing.csv
687,SQeYQek0Jgk,20amazing.csv
688,v1azvGLWQmU,20amazing.csv
689,1jDpBl3TktE,20amazing.csv
690,Y4OzHmBFxKM,20amazing.csv
691,1QzTnilQLSo,20amazing.csv
692,88o3gKkhYcU,20amazing.csv
693,ZX8ZIkvABpI,20amazing.csv
694,zQOrvKDLueE,20amazing.csv
695,M3uvSKtkbdE,20amazing.csv
696,nA_HbiSLOtc,3amazing.csv
697,bvUNqJ9TLHw,3amazing.csv
698,xrrd9HD2-VQ,3amazing.csv
699,G_lR3CK_B-c,3amazing.csv
700,B6wztKnu7PY,3amazing.csv
701,m0a3mpCfSF4,3amazing.csv
702,LOd7EqKdUM0,3amazing.csv
703,zkFP_PbYpYs,3amazing.csv
704,XIuBENnJ_j4,3amazing.csv
705,5H-APgSAj48,3amazing.csv
706,aH-tABi5HwE,3amazing.csv
707,Xw6qhn0iRCY,3amazing.csv
708,nNDS8EzNS00,3amazing.csv
709,4TAqB-lvR_Q,3amazing.csv
710,qs3o3WEPgXk,3amazing.csv
711,9fMOisTDLQw,3amazing.csv
712,vd_uPdkIrIE,3amazing.csv
713,K-_6hgbepxc,3amazing.csv
714,f1VRlNQB1Tc,3amazing.csv
715,RpiGhkac-D4,3amazing.csv
716,NqPOyTfxxvk,3amazing.csv
717,S8QTBzYlnSw,3amazing.csv
718,yo6ufzMxKBQ,3amazing.csv
719,FAmzz7bsUPo,3amazing.csv
720,9Tgm_onKIfc,3amazing.csv
721,npOk_AUYxFM,3amazing.csv
722,pKcZANZuyKk,3amazing.csv
723,xocBqB5bARY,3amazing.csv
724,nP9tNFbg6Ec,3amazing.csv
725,Gtg7bWivKT8,3amazing.csv
726,3JY6JEmW378,3amazing.csv
727,zcz0CafDKco,3amazing.csv
728,DjZhVjz-TeE,3amazing.csv
729,HMMK4Q5zPZc,3amazing.csv
730,CAihTntjHzA,3amazing.csv
731,aYmad8amePU,3amazing.csv
732,_q1kZdVs3uY,3amazing.csv
733,irFxYdniVDo,3amazing.csv
734,Nq5NTJ7YtAY,3amazing.csv
735,xaNPD3TeZUU,3amazing.csv
736,VV8jXUbVV7o,3amazing.csv
737,-rErxW1Qs_E,3amazing.csv
738,RpyWlEiTR20,3amazing.csv
739,SPJZADWo7GQ,3amazing.csv
740,C2aT-1OZlt0,3amazing.csv
741,8N2yk-TVvIw,3amazing.csv
742,8XGVxffNq_w,3amazing.csv
743,byx8G1XOmyM,3amazing.csv
744,J4RKUBsQjyo,3amazing.csv
745,hBRk44E2O6c,3amazing.csv
746,8xGKNJIVizM,4amazing.csv
747,qncATegYpeM,4amazing.csv
748,467Cw3mhFV0,4amazing.csv
749,6alE0mldOpU,4amazing.csv
750,VW_y5bGU4bI,4amazing.csv
751,uToEqK7wCkw,4amazing.csv
752,tRdmUD7Ph8k,4amazing.csv
753,JEzl5WBSGvs,4amazing.csv
754,_pAfs9Lbpp8,4amazing.csv
755,UHa3T2skXF8,4amazing.csv
756,MKL-6EAdic4,4amazing.csv
757,eQnahKQBCvA,4amazing.csv
758,UeuEuatf9_I,4amazing.csv
759,eQYURE0lK0k,4amazing.csv
760,ynJaDh26Fcs,4amazing.csv
761,fxTtNrAzMPg,4amazing.csv
762,SExSsJuJnNA,4amazing.csv
763,yS44Zj5DxVI,4amazing.csv
764,nxAwQBgjT54,4amazing.csv
765,rn0YNdLvMn8,4amazing.csv
766,2-sF0httcBA,4amazing.csv
767,88SdZ9v6OV0,4amazing.csv
768,eMhw9olAVOc,4amazing.csv
769,lw80FHt4-m8,4amazing.csv
770,MEsXrc5ptGE,4amazing.csv
771,FrIX9yBp-eQ,4amazing.csv
772,xcjI25Ubpss,4amazing.csv
773,xlYttbsI38U,4amazing.csv
774,flsEEWfEWRc,4amazing.csv
775,uwtADy-BIRY,4amazing.csv
776,BFNmteVhtWA,4amazing.csv
777,1_qIqg3mXrg,4amazing.csv
778,Cm7d8w7P_60,4amazing.csv
779,Rfh3--ABojQ,4amazing.csv
780,9TGrFIEAqaw,4amazing.csv
781,tCwHvY0ULR4,4amazing.csv
782,W9AZw92IVto,4amazing.csv
783,qF-OAUjV8ik,4amazing.csv
784,3OSQlJKohz4,4amazing.csv
785,kdxK0Jdx-dg,4amazing.csv
786,CTFtLojYJqU,4amazing.csv
787,Bo_7usPefC0,4amazing.csv
788,YeEO5qNmPh4,4amazing.csv
789,h2vJyKqZH_Q,4amazing.csv
790,NKMpML83zqg,4amazing.csv
791,6gdaFhfwldc,4amazing.csv
792,J4U9OC5bvR4,4amazing.csv
793,5N329TUWmgM,4amazing.csv
794,3SmGt01IF38,4amazing.csv
795,MDPkgWGDYkM,5amazing.csv
796,Sf5dv5cG3aw,5amazing.csv
797,_pcM5Fmj7X8,5amazing.csv
798,dKBk4Bkxpr4,5amazing.csv
799,VFmR21mjjc8,5amazing.csv
800,T0u8INrFQhk,5amazing.csv
801,g4XfPAvErXE,5amazing.csv
802,JTllpNXXS5c,5amazing.csv
803,pBpktW3oJf4,5amazing.csv
804,wTl8NiDBZbE,5amazing.csv
805,ZtasX9LdIWs,5amazing.csv
806,me8RU3Gxj_k,5amazing.csv
807,mlgo52TqeI4,5amazing.csv
808,IpO7SckJ00w,5amazing.csv
809,1MsJ97_O-O8,5amazing.csv
810,4EwdyiuuCxw,5amazing.csv
811,1NKE981JjFk,5amazing.csv
812,lTBtZDa-1YY,5amazing.csv
813,2Og_gZt0hFs,5amazing.csv
814,osfrALLVP14,5amazing.csv
815,e6jWzODW9Mc,5amazing.csv
816,EU3PBmGMNoU,5amazing.csv
817,buKLn0O6P8E,5amazing.csv
818,JKHs07M3ekw,5amazing.csv
819,Ze_06wikslg,5amazing.csv
820,WR4EjX2tIRs,5amazing.csv
821,VMU-4FRcN5U,5amazing.csv
822,emShTBWPfNQ,5amazing.csv
823,q2lT65Vu9FA,5amazing.csv
824,x-Q_0EoZW_I,5amazing.csv
825,rq6nY1kHEBw,5amazing.csv
826,wnN9UKaxvdE,5amazing.csv
827,GaQB66fFUhU,5amazing.csv
828,ZBSUvyN8Gas,5amazing.csv
829,VV11afKXmt4,5amazing.csv
830,_pwt4kXEp5Y,5amazing.csv
831,j5HmbWaekro,5amazing.csv
832,fNaruPJ5djU,5amazing.csv
833,gnGAec9gZaE,5amazing.csv
834,LOQ9Rgwkt9k,5amazing.csv
835,SmfqhsFAwvs,5amazing.csv
836,kyDxfLUIc1c,5amazing.csv
837,pwbEwndOCZo,5amazing.csv
838,DMPSvZNDKaE,5amazing.csv
839,QFDKSS8Pf8o,5amazing.csv
840,t4Uv_2J88nc,5amazing.csv
841,_bNXb35Ie9I,5amazing.csv
842,qtxOvWndYfg,5amazing.csv
843,8NkyMkLtUME,5amazing.csv
844,PME1CYWpzEw,5Questions.csv
845,VB6WXSSSStI,5Questions.csv
846,m1PDqdLQMv8,5Questions.csv
847,p_d1pLcjA7M,5Questions.csv
848,htdnJAy8CLc,5Questions.csv
849,uQcbpNqa2TU,5Questions.csv
850,kkg_MjY-Ohs,5Questions.csv
851,B_MjxOMSwTc,5Questions.csv
852,9X7MtQX_96A,5Questions.csv
853,peHVRC07b5U,5Questions.csv
854,t9O4usHigKg,5Questions.csv
855,F-VkRmKoUKI,5Questions.csv
856,qud15xDbDvw,5Questions.csv
857,AfiGpgw076s,5Questions.csv
858,FSxO5ppsjbA,5Questions.csv
859,mkrOAPgHiPY,5Questions.csv
860,BJi6bmtBv6I,5Questions.csv
861,u7wAF-YSYpk,5Questions.csv
862,vrogQ5ASUX0,5Questions.csv
863,m__4JVtUTCk,5Questions.csv
864,y7BSNzaevtE,5Questions.csv
865,m8tzdtrgFUA,5Questions.csv
866,kGBgscO71sQ,5Questions.csv
867,xyEZToqTFgM,5Questions.csv
868,OC1uj9kzZYc,5Questions.csv
869,MIs6jxASBEE,5Questions.csv
870,ChWe7COMgHU,5Questions.csv
871,7Iwx4AMdij8,5Questions.csv
872,K5dqQg-MATI,5Questions.csv
873,_xv6yT9XTDE,5Questions.csv
874,X6dbpGFw1s4,5Questions.csv
875,LaFQNm88M6k,5Questions.csv
876,alCh_3puGPA,5Questions.csv
877,BSGUu7DIaWQ,5Questions.csv
878,P2FDdfJ4zSQ,5Questions.csv
879,dzDNOIi2mmk,5Questions.csv
880,ljcDFxKHjE0,5Questions.csv
881,tERk_eKRdM0,5Questions.csv
882,JsYoCbsBBbk,5Questions.csv
883,LUfVsGQV_vo,5Questions.csv
884,X0-uKFw3cN8,5Questions.csv
885,RQe3ykpPlAQ,5Questions.csv
886,tg6zAkYRAH4,5Questions.csv
887,kuEXY9eKBb4,5Questions.csv
888,hyKz1xswunY,5Questions.csv
889,VnvH9sneeKY,5Questions.csv
890,fa0W_G63RL8,5Questions.csv
891,23Dt1xb9oIw,5Questions.csv
892,nWbxOIfuO8w,5Questions.csv
893,ic2GiMxXO48,6amazing.csv
894,pvXsvUOfgfo,6amazing.csv
895,_PyvzUBY6_4,6amazing.csv
896,MWyfuQdbAmk,6amazing.csv
897,af3dEbAd4Os,6amazing.csv
898,3VMZS4RS-eA,6amazing.csv
899,GgcmwpgNt3Q,6amazing.csv
900,vavlt0xh9ao,6amazing.csv
901,nurs528EUDM,6amazing.csv
902,6El4JbGL5RA,6amazing.csv
903,ECqIM0URhmA,6amazing.csv
904,bopIgn6ya4c,6amazing.csv
905,07OZ_ONJ1r8,6amazing.csv
906,gkGQdblW60s,6amazing.csv
907,fBGlfE20wN4,6amazing.csv
908,BcdcaUXBThY,6amazing.csv
909,05VEBpnuZug,6amazing.csv
910,DqxhVYlpuLY,6amazing.csv
911,O43Mow2sCXA,6amazing.csv
912,BTTbTmlE-nc,6amazing.csv
913,Cuobx2uPgY0,6amazing.csv
914,M_svuYVnQ4Q,6amazing.csv
915,yMDr62tJQpw,6amazing.csv
916,9CRggN5ZB6c,6amazing.csv
917,q9B3bsUDoRo,6amazing.csv
918,zAXhx60z2fU,6amazing.csv
919,31u8fCQx0N8,6amazing.csv
920,lpZNjkv6qmc,6amazing.csv
921,tI9b3by8zqU,6amazing.csv
922,50vgkKJJyJo,6amazing.csv
923,STvze98zoW8,6amazing.csv
924,FDbqUBnoTik,6amazing.csv
925,kx0mSXZgtbM,6amazing.csv
926,8SCnhkAt_-M,6amazing.csv
927,ZeIuRVrOcUk,6amazing.csv
928,mNQck9Cv6To,6amazing.csv
929,5YM0ESzCRUc,6amazing.csv
930,IgIA4_V3vUY,6amazing.csv
931,r9rHVpcGqHg,6amazing.csv
932,rsF3PH2lMyU,6amazing.csv
933,cEBk-6_z0iY,6amazing.csv
934,FEM9j9hE07Q,6amazing.csv
935,SZNLVpAC0NU,6amazing.csv
936,018m7pZwFbE,6amazing.csv
937,0Zbxplf1Guk,6amazing.csv
938,YFvmXGrs8mY,6amazing.csv
939,UNQKETHKjfU,6amazing.csv
940,ZGUI02YEaII,6amazing.csv
941,czAUw4zdSIQ,6amazing.csv
942,IG5El-k0m3U,6amazing.csv
943,2i4D7VN-nwM,7amazing.csv
944,Z2cfkenGkqA,7amazing.csv
945,G0HD5dJvUZI,7amazing.csv
946,o35TFk-IULM,7amazing.csv
947,bXdI9iMgSvA,7amazing.csv
948,_kwrdk207jA,7amazing.csv
949,zPG0K8591-k,7amazing.csv
950,x7tqfKtLN94,7amazing.csv
951,a7-zN-JFR48,7amazing.csv
952,gcedDgB6uco,7amazing.csv
953,UrKp_8uxakk,7amazing.csv
954,h8OSs-w98Fk,7amazing.csv
955,YfKC1xARxgU,7amazing.csv
956,leMTa5N-mu8,7amazing.csv
957,usIjgovQcUA,7amazing.csv
958,Kqinx3Ke37Q,7amazing.csv
959,9vSV_iVctKQ,7amazing.csv
960,w_LF_0haArE,7amazing.csv
961,2CRjK-6vwzs,7amazing.csv
962,QAIhcAhHchE,7amazing.csv
963,J3Y_41ct3Lc,7amazing.csv
964,fBPdAcZs4nU,7amazing.csv
965,A6mu_iQPzyM,7amazing.csv
966,hxuJgK_JCSQ,7amazing.csv
967,vyigOka3ySo,7amazing.csv
968,1aL1bbvoRKE,7amazing.csv
969,pGTlFDeo7VU,7amazing.csv
970,a1yHOFJydog,7amazing.csv
971,6_KnueONYW4,7amazing.csv
972,Ftk0rorsLA8,7amazing.csv
973,EFk2Exi0_nk,7amazing.csv
974,Jq3I0ZNcTg4,7amazing.csv
975,NzsStor0NuA,7amazing.csv
976,XBT3lReWAU4,7amazing.csv
977,uGgwlIPcl2E,7amazing.csv
978,FpWnbGcEV6M,7amazing.csv
979,v1OKkAEaDDc,7amazing.csv
980,3F3O9lz0LEA,7amazing.csv
981,S3yofpHB_E4,7amazing.csv
982,g11n1Vr068k,7amazing.csv
983,kkfoo0PCJvs,7amazing.csv
984,65dNeK57Z8A,7amazing.csv
985,uhRc7qrF2k4,7amazing.csv
986,fC4HJzVNZ0k,7amazing.csv
987,qpjzoLErg88,7amazing.csv
988,M2-0zly1GmY,7amazing.csv
989,vAdb-r52PP4,7amazing.csv
990,6GudsnEja28,7amazing.csv
991,JP41ftuzqqA,7amazing.csv
992,uH8L02G9ptk,8amazing.csv
993,VNShCiNeW5c,8amazing.csv
994,iOULll8SjMc,8amazing.csv
995,6whkYAFKV-8,8amazing.csv
996,yLBKkr9YPDM,8amazing.csv
997,AFaWWrg6AYU,8amazing.csv
998,GdYb9WNA-j8,8amazing.csv
999,59Hra-PGK10,8amazing.csv
1000,LlH_UgNQ1Qo,8amazing.csv
1001,VjHorQhOtBk,8amazing.csv
1002,aGpfPmbXYMI,8amazing.csv
1003,sOltRu71jys,8amazing.csv
1004,Nj33k9CNV7g,8amazing.csv
1005,gBQ1T0i4Xw4,8amazing.csv
1006,5sZh4yCQoFA,8amazing.csv
1007,eTlB7J_wurc,8amazing.csv
1008,k528tiBlLUE,8amazing.csv
1009,ALgd5mlIq4o,8amazing.csv
1010,JMkcCNl7TCQ,8amazing.csv
1011,r21ybCwXMjo,8amazing.csv
1012,-XuWOntRQLc,8amazing.csv
1013,NbGXMMM2jus,8amazing.csv
1014,s4SeA63lLhA,8amazing.csv
1015,57vKGIRXPUg,8amazing.csv
1016,B0a_IMqwpPo,8amazing.csv
1017,0E1t0k7-PvA,8amazing.csv
1018,bxRi7ZnZFGY,8amazing.csv
1019,Mow0h-CZUhA,8amazing.csv
1020,kyE_aX3RnJE,8amazing.csv
1021,7TEra4Q2E9w,8amazing.csv
1022,H8h74GN7GFg,8amazing.csv
1023,fdCt2diUu9s,8amazing.csv
1024,jBV7jxmDKeo,8amazing.csv
1025,_WWuwKmi05g,8amazing.csv
1026,Lok-MJpME4o,8amazing.csv
1027,WFtToZMMuEM,8amazing.csv
1028,EMPZQ_t7dG8,8amazing.csv
1029,XWmv_Ox44WA,8amazing.csv
1030,ACCT1vSSwKI,8amazing.csv
1031,875e1hRM8jw,8amazing.csv
1032,pWxH5Qv34Fk,8amazing.csv
1033,Aldn9ZYwTNQ,8amazing.csv
1034,a61Ouqo_AzE,8amazing.csv
1035,YeYbWfi17JQ,8amazing.csv
1036,Nhnqt8cOw2I,8amazing.csv
1037,BsFwKYDhkIA,8amazing.csv
1038,RFSBI60Es5Q,8amazing.csv
1039,rXo1JeRgixQ,8amazing.csv
1040,HYwgi8DcCWE,8amazing.csv
1041,91RcsM_n5UM,8amazing.csv
1042,vmAMwt66ZxQ,8Lies.csv
1043,s7UOt9W9H3M,8Lies.csv
1044,v0h7k-hyljA,8Lies.csv
1045,hBkZ2ORzYD8,8Lies.csv
1046,edBM-ifCD8A,8Lies.csv
1047,EQAnP7Y7Trk,8Lies.csv
1048,SSl8Lv6JpIE,8Lies.csv
1049,rffuN79K2pQ,8Lies.csv
1050,PDBy4PIflZM,8Lies.csv
1051,cPb4mP6Ui_0,8Lies.csv
1052,VbB33IRYs5c,8Lies.csv
1053,iloQeu-Yg7U,8Lies.csv
1054,bAYFj3Jaczs,8Lies.csv
1055,w58hOccx4-U,8Lies.csv
1056,I9iOF5EQZuA,8Lies.csv
1057,xpqMD6pvAao,8Lies.csv
1058,czbHKhPRNtw,8Lies.csv
1059,gU8x2cB1c2s,8Lies.csv
1060,n5mxGp_mKNE,8Lies.csv
1061,mbFXX-XE4a0,8Lies.csv
1062,1SZrJLMTO-8,8Lies.csv
1063,dPLGSXSxHfA,8Lies.csv
1064,x0xqnl8SSnU,8Lies.csv
1065,vPTTP3gSLJc,8Lies.csv
1066,L0zhv3yvSTU,8Lies.csv
1067,eW5GqLQAZyA,8Lies.csv
1068,FICQvrccT2k,8Lies.csv
1069,IJDiBzpEHm8,8Lies.csv
1070,wqsj5HBWsrw,8Lies.csv
1071,2B50RUXbs-8,8Lies.csv
1072,J13UBjmoPfs,8Lies.csv
1073,nGxadPixZc0,8Lies.csv
1074,4iyMUV2KRR0,8Lies.csv
1075,x3c4o0duW7I,8Lies.csv
1076,jGzqHHhRAQo,8Lies.csv
1077,gewtzRFiuvo,8Lies.csv
1078,oDpU7Q_lOBM,8Lies.csv
1079,JVsQ1vovJbc,8Lies.csv
1080,UDXrAD9tm-8,8Lies.csv
1081,WgZ9Llabn-8,8Lies.csv
1082,gCaKyF-nQic,8Lies.csv
1083,7pcux2wev-E,8Lies.csv
1084,14t1taTBtmc,8Lies.csv
1085,zjs2joY1mmg,8Lies.csv
1086,dNVZ0ZPfE8s,8Lies.csv
1087,VGTZYjzgwZU,8Lies.csv
1088,8-5tqsjVyME,8Lies.csv
1089,atb1GAuF2ms,8Lies.csv
1090,HMq3Ru5w2tM,8Lies.csv
1091,Gdt1WyhJLNI,8Lies.csv
1092,9894j6Q-OqA,9amazing.csv
1093,XvkEExdl-w4,9amazing.csv
1094,OFbpCrMHk3o,9amazing.csv
1095,9a5R6NLHfY0,9amazing.csv
1096,NHIb92rrr8M,9amazing.csv
1097,ANJiYn1QmTQ,9amazing.csv
1098,uybtnR9k85g,9amazing.csv
1099,lecxArMr9MI,9amazing.csv
1100,Wvqfm9eZPzo,9amazing.csv
1101,c-0f8PwfNvU,9amazing.csv
1102,qWGgyx2P2kI,9amazing.csv
1103,K78FQoNJxYA,9amazing.csv
1104,59JiRWj6ZiU,9amazing.csv
1105,Nz-kGj5bxe8,9amazing.csv
1106,nS7UxjmtDeI,9amazing.csv
1107,XGw4hqPKx64,9amazing.csv
1108,RnsEf5URYf0,9amazing.csv
1109,H89dp2T7R_U,9amazing.csv
1110,mFhLGg8IEhk,9amazing.csv
1111,imL0xzPsHfQ,9amazing.csv
1112,34iaOZ8mP_g,9amazing.csv
1113,KsLZJWI-cPg,9amazing.csv
1114,2SUSBNqDRlg,9amazing.csv
1115,OeIwpy3VhFg,9amazing.csv
1116,NyyuhtU7Xkc,9amazing.csv
1117,VvQ1NAzJQNo,9amazing.csv
1118,3A3wmcC4qxs,9amazing.csv
1119,HSaFs5w8ACw,9amazing.csv
1120,FIriHs9TLZo,9amazing.csv
1121,reSmhOPh3KM,9amazing.csv
1122,xUlylBafQZM,9amazing.csv
1123,064UFOmOkIU,9amazing.csv
1124,AztMqE3Vc3I,9amazing.csv
1125,MMahenB7_pw,9amazing.csv
1126,NOs0tqKdEPs,9amazing.csv
1127,DVPowGFCKQI,9amazing.csv
1128,qdb60r9xPt4,9amazing.csv
1129,jzs7QfgJbVQ,9amazing.csv
1130,gOTzSuwTwLI,9amazing.csv
1131,OwrFXDWEVJ0,9amazing.csv
1132,96NZB8NA0pU,9amazing.csv
1133,FN9vz0xcXqc,9amazing.csv
1134,edAjL2u9sP8,9amazing.csv
1135,A3MZd0ocFhs,9amazing.csv
1136,yYzTdqgdhGs,9amazing.csv
1137,-4DuzItWPmI,9amazing.csv
1138,KK2lcsQ7fhU,9amazing.csv
1139,my1Gc5-lKcY,9amazing.csv
1140,81-MYbd2T-8,9amazing.csv
1141,E5cc5lUbWfQ,Almostdied.csv
1142,wm0ywsD9V88,Almostdied.csv
1143,Y5et3wNaANQ,Almostdied.csv
1144,IPLkET23X-U,Almostdied.csv
1145,V4_lKP2r7Rs,Almostdied.csv
1146,Q5PbeobYX8A,Almostdied.csv
1147,eRpIZSiYUtI,Almostdied.csv
1148,Hf42y3zihaY,Almostdied.csv
1149,k7qXcUFxMPI,Almostdied.csv
1150,aCLWLLl4f5Y,Almostdied.csv
1151,Uq6PEfRYSdY,Almostdied.csv
1152,YfdLYq_m1oQ,Almostdied.csv
1153,IaudIsyZGuc,Almostdied.csv
1154,Misdp-JDe68,Almostdied.csv
1155,Y6vnQkDy1L0,Almostdied.csv
1156,oqjx8QC5PNs,Almostdied.csv
1157,U71EA24Q9Uk,Almostdied.csv
1158,ORUo_DLl6Do,Almostdied.csv
1159,6xT1Xc7_X3k,Almostdied.csv
1160,rYCODMuoHNI,Almostdied.csv
1161,n8kzw1tsNk8,Almostdied.csv
1162,K4-z_nSl64w,Almostdied.csv
1163,MD3iVex9qP0,Almostdied.csv
1164,-281FWKfrVE,Almostdied.csv
1165,QPbkg1F1QLQ,Almostdied.csv
1166,6ojhdauQcUM,Almostdied.csv
1167,0FxJZW0uxSU,Almostdied.csv
1168,XJXvUn1KyC8,Almostdied.csv
1169,zP7aZij_HeA,Almostdied.csv
1170,LUOSRuVeszg,Almostdied.csv
1171,wxYk_Kn0YlA,Almostdied.csv
1172,6L30xKlHGgg,Almostdied.csv
1173,Pci18YO1pYU,Almostdied.csv
1174,ZvMD1mUtyw4,Almostdied.csv
1175,autnRckAcFs,Almostdied.csv
1176,8PEce7DQuf0,Almostdied.csv
1177,ps-P8FXzR-Y,Almostdied.csv
1178,kW8ycL9DCoc,Almostdied.csv
1179,D7AC7m6bvPM,Almostdied.csv
1180,V44mpC3jKfs,Almostdied.csv
1181,ORNlaX6O3P8,Almostdied.csv
1182,lx_YQBXE94k,Almostdied.csv
1183,QOspntum058,Almostdied.csv
1184,YcLDfTTw2V0,Almostdied.csv
1185,izxM0Zc4Q24,Almostdied.csv
1186,MwEssCrZ20g,Almostdied.csv
1187,TeZx6T0FY8Q,Almostdied.csv
1188,Qr7BHoAzQ2c,Almostdied.csv
1189,jiXiFLB422M,Almostdied.csv
1190,1nydxbGhgv8,BlowYourMind.csv
1191,8zmCl-f9144,BlowYourMind.csv
1192,HJUWoQ2FWMc,BlowYourMind.csv
1193,ZPgtqTcAzFY,BlowYourMind.csv
1194,N0VYycMh8w4,BlowYourMind.csv
1195,ui4jqQV7rco,BlowYourMind.csv
1196,o3Oa9wmMP9o,BlowYourMind.csv
1197,07RFX8O89bQ,BlowYourMind.csv
1198,8_YOGgZaE9g,BlowYourMind.csv
1199,MxG8zPZ_nZ8,BlowYourMind.csv
1200,EV7q7wtqJec,BlowYourMind.csv
1201,1RzbJntmbrA,BlowYourMind.csv
1202,8AeqEFjqDec,BlowYourMind.csv
1203,MVTkbCCl3-I,BlowYourMind.csv
1204,RednVlICqys,BlowYourMind.csv
1205,7s-Phzw1oqQ,BlowYourMind.csv
1206,xsZLVN2iriE,BlowYourMind.csv
1207,QrnoMYlWeT4,BlowYourMind.csv
1208,1dXkfpAy4iM,BlowYourMind.csv
1209,Wt88GMJmVk0,BlowYourMind.csv
1210,eP9rsU4Eg3s,BlowYourMind.csv
1211,t0R0Xr0e-uk,BlowYourMind.csv
1212,vOmg69IM6tI,BlowYourMind.csv
1213,4jeBL0YTTyI,BlowYourMind.csv
1214,5GA0cIoVcwE,BlowYourMind.csv
1215,AnAzYYa5fKA,BlowYourMind.csv
1216,p5laRasy5lg,BlowYourMind.csv
1217,9zt-Gg4jhaA,BlowYourMind.csv
1218,bXoo41ZNCTY,BlowYourMind.csv
1219,QplPWwovEQI,BlowYourMind.csv
1220,mKJjyJDFaEw,BlowYourMind.csv
1221,L93bcUoLT_E,BlowYourMind.csv
1222,mmXIJY2X5Hg,BlowYourMind.csv
1223,bwlD7HP9e2w,BlowYourMind.csv
1224,KzhqF5MPOh4,BlowYourMind.csv
1225,Q4Nsf8JV9Qs,BlowYourMind.csv
1226,m_BeAMTGWuA,BlowYourMind.csv
1227,9UNsOCdNLsc,BlowYourMind.csv
1228,6rSDZHBFAa4,BlowYourMind.csv
1229,ROxEatlkKeI,BlowYourMind.csv
1230,5KK6xDKnwWI,BlowYourMind.csv
1231,4NQwFAgDkGk,BlowYourMind.csv
1232,gA2e9UsQsX8,BlowYourMind.csv
1233,EG0HwfyH42c,BlowYourMind.csv
1234,N3jT8HpIZzM,BlowYourMind.csv
1235,sj9C5EBuINc,BlowYourMind.csv
1236,Q2sfZARaWb0,BlowYourMind.csv
1237,LhM9EBOXRWk,BlowYourMind.csv
1238,2_p63vMcJ84,compilation.csv
1239,2xUhk_N2FMI,compilation.csv
1240,ITHKAu4xmNg,compilation.csv
1241,ukSrgCUkgpc,compilation.csv
1242,ETmQ3Bfi3Y4,compilation.csv
1243,zDDi8TEjnCQ,compilation.csv
1244,7Fpui4o8vso,compilation.csv
1245,dfhzwfggJT4,compilation.csv
1246,mVPbsGaSGJw,compilation.csv
1247,JWn9LLVE7iQ,compilation.csv
1248,MtKIkSmHV5s,compilation.csv
1249,snZyK2w4zfc,compilation.csv
1250,__nWci3_a7U,compilation.csv
1251,mfoI7EmP4ZM,compilation.csv
1252,bXZEP6OwKBQ,compilation.csv
1253,aGxvp-lG2pk,compilation.csv
1254,4aqdkIpXo90,compilation.csv
1255,nH6Um8ubwFY,compilation.csv
1256,v8_EP2lW6r8,compilation.csv
1257,9hEXUqUNjKM,compilation.csv
1258,gsWAdMJtWZs,compilation.csv
1259,VT6z8BmB6C0,compilation.csv
1260,qaexja3lViU,compilation.csv
1261,18BqQWaVIiA,compilation.csv
1262,DODLEX4zzLQ,compilation.csv
1263,kd3wguy3jiY,compilation.csv
1264,fcyHO84Bbds,compilation.csv
1265,foUyGPRat2E,compilation.csv
1266,vXwMRhGN150,compilation.csv
1267,fW7k6A8G7UE,compilation.csv
1268,1Ybqsis4A64,compilation.csv
1269,fjd14FooDPI,compilation.csv
1270,1Swj8xHC_Rs,compilation.csv
1271,aitdIsPJ8_s,compilation.csv
1272,Q1ZgVdYscOs,compilation.csv
1273,4YkK1BtBri8,compilation.csv
1274,8uqFZIJ793s,compilation.csv
1275,zH7hCkeIwUs,compilation.csv
1276,4CzF1FPOsFQ,compilation.csv
1277,bkuQwVpfcAM,compilation.csv
1278,NwTlaZzzVXo,compilation.csv
1279,DsVFFp7ToS8,compilation.csv
1280,3Q9QOp0XKsw,compilation.csv
1281,lyhLQgYWusc,compilation.csv
1282,3EIbWjkimAs,compilation.csv
1283,sRBpJas0SME,compilation.csv
1284,i23aUei_7ig,compilation.csv
1285,XN8k8ZkJwiQ,compilation.csv
1286,1AJLC6E9cMo,compilation.csv
1287,4TJWUXHteqs,CraziestThings.csv
1288,FdgvCkV3wWY,CraziestThings.csv
1289,c9qTtPgF3_g,CraziestThings.csv
1290,nrTFsgSLEuo,CraziestThings.csv
1291,gUM1OpgM9bM,CraziestThings.csv
1292,xY8CCkuUCoE,CraziestThings.csv
1293,ybqDzhaKH4A,CraziestThings.csv
1294,WVgEGEva7Tk,CraziestThings.csv
1295,uMqagO3UMbA,CraziestThings.csv
1296,TJX_aIYLjjk,CraziestThings.csv
1297,PzcxPGZfks8,CraziestThings.csv
1298,p9d0GeWRyF4,CraziestThings.csv
1299,7B9GwryaDn8,CraziestThings.csv
1300,4y7xzV_0e5I,CraziestThings.csv
1301,GuHqcVwgR2M,CraziestThings.csv
1302,PrjaZl7g4HU,CraziestThings.csv
1303,s1dKUSVLdlw,CraziestThings.csv
1304,uB1At8trtIo,CraziestThings.csv
1305,JsLRiKXh3kQ,CraziestThings.csv
1306,00lCoGWxbt4,CraziestThings.csv
1307,ATta1X2HS70,CraziestThings.csv
1308,i0Pn2_spRYk,CraziestThings.csv
1309,mrpQN6JKBZc,CraziestThings.csv
1310,FcJE04mh39s,CraziestThings.csv
1311,KHL1sw0ZdvI,CraziestThings.csv
1312,hABQFbkZAsg,CraziestThings.csv
1313,i_0oWh3gvws,CraziestThings.csv
1314,LRIjrQsq_yc,CraziestThings.csv
1315,kWrmPFq2d7A,CraziestThings.csv
1316,2_a7O5haOfY,CraziestThings.csv
1317,OUHEuXYQba4,CraziestThings.csv
1318,S7eWrncOPoY,CraziestThings.csv
1319,LMsGNiz57T0,CraziestThings.csv
1320,U2wCg4ijGuI,CraziestThings.csv
1321,Lb2PzP39ZfU,CraziestThings.csv
1322,JmG0SnkX9FU,CraziestThings.csv
1323,PNOji2Qu5sQ,CraziestThings.csv
1324,orxad-0ide0,CraziestThings.csv
1325,vsolVE8M7O8,CraziestThings.csv
1326,iouZCQMYhKY,CraziestThings.csv
1327,_3qyfazSq5s,CraziestThings.csv
1328,hx3SA9mWaxA,CraziestThings.csv
1329,P8sUoZsf6mw,CraziestThings.csv
1330,Sb2gY2Qa-qA,CraziestThings.csv
1331,5x2dQwSE7R4,CraziestThings.csv
1332,6z2puETtHxc,CraziestThings.csv
1333,gywThpkOQwA,CraziestThings.csv
1334,BasrQUNrJ7E,CraziestThings.csv
1335,-zNNV2q9TcA,CraziestThings.csv
1336,an0O-cfZvXk,Donottrythis.csv
1337,bXBOapVGx4U,Donottrythis.csv
1338,NpsnXEqJMrs,Donottrythis.csv
1339,SiHNTfzdnf8,Donottrythis.csv
1340,bmNcRNVTVME,Donottrythis.csv
1341,NFztWzidSRM,Donottrythis.csv
1342,7yVOp9heslM,Donottrythis.csv
1343,XoAPIpOZYA4,Donottrythis.csv
1344,rLMx0X3SeMI,Donottrythis.csv
1345,KJw3KFj9LL8,Donottrythis.csv
1346,dfd0YDmEtY4,Donottrythis.csv
1347,_7UwKGiSau8,Donottrythis.csv
1348,uFEJ9yefeok,Donottrythis.csv
1349,F-aU1tPhux0,Donottrythis.csv
1350,lVM8ivIlSMg,Donottrythis.csv
1351,n9Q9golkPvM,Donottrythis.csv
1352,FpGYoxaxOfc,Donottrythis.csv
1353,m4MNJUFjPBw,Donottrythis.csv
1354,vRte4Kn74IM,Donottrythis.csv
1355,RYB4wEGrHl0,Donottrythis.csv
1356,E9ZMm8eykxg,Donottrythis.csv
1357,DbIuCAx2ZD8,Donottrythis.csv
1358,ANkBOfy7KHY,Donottrythis.csv
1359,NcmVg1mNq2g,Donottrythis.csv
1360,YUU8xKOBWTQ,Donottrythis.csv
1361,ehEmReGhlhc,Donottrythis.csv
1362,nWMk0mY3RkM,Donottrythis.csv
1363,lg02QmaBmno,Donottrythis.csv
1364,68kEjpBpFGs,Donottrythis.csv
1365,xVFW4Em9N3w,Donottrythis.csv
1366,BlkOniXBSO8,Donottrythis.csv
1367,Cb6bQ7mpYMQ,Donottrythis.csv
1368,Y-9tRNShULc,Donottrythis.csv
1369,bqc6Hr3B8z8,Donottrythis.csv
1370,cEsNqcqdVQo,Donottrythis.csv
1371,2tgVxcmZfwc,Donottrythis.csv
1372,j38Ewi3uYDs,Donottrythis.csv
1373,cqQcw2xpVzI,Donottrythis.csv
1374,FEDWf5V428w,Donottrythis.csv
1375,OZP_XDrACIA,Donottrythis.csv
1376,Ga6mS6WN2RM,Donottrythis.csv
1377,gD04CKUIpAU,Donottrythis.csv
1378,IPR1wo3ZN2k,Donottrythis.csv
1379,BbOqh7xawAo,Donottrythis.csv
1380,uYDWVpdhOXg,Donottrythis.csv
1381,0GRkR7KVg_s,Donottrythis.csv
1382,8t3TurCi4eI,Donottrythis.csv
1383,WbxaNYd8yT4,Donottrythis.csv
1384,YVQNO1T_Ovk,Donottrythis.csv
1385,EoYhVI-66FU,Donottrythis.csv
1386,Im1PDttpaE8,Giantanimalattacks.csv
1387,DDdclseRhww,Giantanimalattacks.csv
1388,Rs_9IHXvGrQ,Giantanimalattacks.csv
1389,xOSeyNQIBFk,Giantanimalattacks.csv
1390,fK1_hwPtNF4,Giantanimalattacks.csv
1391,H5mJtjYxQBU,Giantanimalattacks.csv
1392,TNJ3LDr_NoU,Giantanimalattacks.csv
1393,BELkE5drPeI,Giantanimalattacks.csv
1394,vNMvp6Z7Wiw,Giantanimalattacks.csv
1395,DYvB2UuvAjg,Giantanimalattacks.csv
1396,H3fLpHEHFEU,Giantanimalattacks.csv
1397,L_ZqY1VGEvM,Giantanimalattacks.csv
1398,0aS2fmHVF9o,Giantanimalattacks.csv
1399,mznddZtgg-U,Giantanimalattacks.csv
1400,eehfNfzmUoU,Giantanimalattacks.csv
1401,svRim2Gnx7w,Giantanimalattacks.csv
1402,BI3MRn4CNd8,Giantanimalattacks.csv
1403,BtazcC3JtCs,Giantanimalattacks.csv
1404,mL6keK1Sv4I,Giantanimalattacks.csv
1405,rwCCX9JwfBE,Giantanimalattacks.csv
1406,enwa0WfBXvU,Giantanimalattacks.csv
1407,pvf5suquPQQ,Giantanimalattacks.csv
1408,MJDK4jQqCbI,Giantanimalattacks.csv
1409,ZG4DU4SvTTM,Giantanimalattacks.csv
1410,NJNZWcMy7P4,Giantanimalattacks.csv
1411,830Hdvc2Z1A,Giantanimalattacks.csv
1412,arsZBcQDG_0,Giantanimalattacks.csv
1413,K9TGqQ8ExOs,Giantanimalattacks.csv
1414,PvhBUl3-RnI,Giantanimalattacks.csv
1415,IT-7Mp_dkiM,Giantanimalattacks.csv
1416,94qnECjs-cA,Giantanimalattacks.csv
1417,zNvVwjY7uoU,Giantanimalattacks.csv
1418,iSNl50mvDuk,Giantanimalattacks.csv
1419,ae2wPetHpN8,Giantanimalattacks.csv
1420,r66bb79LhXs,Giantanimalattacks.csv
1421,nBVlyB7SrXE,Giantanimalattacks.csv
1422,7vwazygFASc,Giantanimalattacks.csv
1423,GhNUcxRVwWI,Giantanimalattacks.csv
1424,7mTlgOEKT1w,Giantanimalattacks.csv
1425,0SvwAkVLOfQ,Giantanimalattacks.csv
1426,IpT1u2lFkXs,Giantanimalattacks.csv
1427,ZuFg0X_8X14,Giantanimalattacks.csv
1428,VYEeBujKmQc,Giantanimalattacks.csv
1429,AtwQzr9Vehw,LatestFullmovieonlineenglish.csv
1430,Tpwu8WVtG-s,LatestFullmovieonlineenglish.csv
1431,zhjopg9MEvs,LatestFullmovieonlineenglish.csv
1432,ZKbydYg8R-E,LatestFullmovieonlineenglish.csv
1433,8CpgXlAwBqs,LatestFullmovieonlineenglish.csv
1434,U8J6SjDCmZY,LatestFullmovieonlineenglish.csv
1435,yR1OwH_gmiI,LatestFullmovieonlineenglish.csv
1436,xJO-1bzILq0,LatestFullmovieonlineenglish.csv
1437,13E2PrG2kYM,LatestFullmovieonlineenglish.csv
1438,nzyJruEQlyY,LatestFullmovieonlineenglish.csv
1439,8lw5KyU3aoQ,LatestFullmovieonlineenglish.csv
1440,XjuCjiiXNNs,LatestFullmovieonlineenglish.csv
1441,CG74F3nrEY8,LatestFullmovieonlineenglish.csv
1442,TeTraJKgX-Y,LatestFullmovieonlineenglish.csv
1443,GWs5YTbCMQw,LatestFullmovieonlineenglish.csv
1444,LS6XiINMc2s,LatestFullmovieonlineenglish.csv
1445,xJFlQQg31kQ,LatestFullmovieonlineenglish.csv
1446,lBfQ0XTf_xA,LatestFullmovieonlineenglish.csv
1447,blTDpQNAG9o,LatestFullmovieonlineenglish.csv
1448,CJhtn98Ilnk,LatestFullmovieonlineenglish.csv
1449,-5ELjy88G-U,LatestFullmovieonlineenglish.csv
1450,mz-i7HXAdFE,LatestFullmovieonlineenglish.csv
1451,zuZ5_ls2_vU,LatestFullmovieonlineenglish.csv
1452,OQULF8H62QU,LatestFullmovieonlineenglish.csv
1453,o34zrCRnYGE,LatestFullmovieonlineenglish.csv
1454,G9ZV4NZ5Ulw,LatestFullmovieonlineenglish.csv
1455,i2pXuPUGA34,LatestFullmovieonlineenglish.csv
1456,t197BhimicA,LatestFullmovieonlineenglish.csv
1457,78c7fTnLCfc,LatestFullmovieonlineenglish.csv
1458,0moane9bFnQ,LatestFullmovieonlineenglish.csv
1459,4oO0zV5ANNI,LatestFullmovieonlineenglish.csv
1460,I3615LEJ6Eg,LatestFullmovieonlineenglish.csv
1461,p4ly27Qt_o8,LatestFullmovieonlineenglish.csv
1462,qPDCBlslqBQ,LatestFullmovieonlineenglish.csv
1463,Yh0oDHqcRZY,LatestFullmovieonlineenglish.csv
1464,aw_NhgneXs4,LatestFullmovieonlineenglish.csv
1465,Zs0ZVt7T3-Y,LatestFullmovieonlineenglish.csv
1466,Rv3DLPFbQgA,LatestFullmovieonlineenglish.csv
1467,28fOOscTsc4,LatestFullmovieonlineenglish.csv
1468,2r8GHxTD6ck,LatestFullmovieonlineenglish.csv
1469,95rqZt-xick,LatestFullmovieonlineenglish.csv
1470,gxBERAhEU7w,LatestFullmovieonlineenglish.csv
1471,cKXUf_Riqgw,LatestFullmovieonlineenglish.csv
1472,owkI2aZHXnQ,LatestFullmovieonlineenglish.csv
1473,DdmltwsJxgE,LatestFullmovieonlineenglish.csv
1474,0Zp0dvT3nCQ,LatestFullmovieonlineenglish.csv
1475,-JTsMJlCt_k,LatestFullmovieonlineenglish.csv
1476,_AKFpXDBuNk,LatestFullmovieonlineenglish.csv
1477,J9Z_yPIjkoI,LatestFullmovieonlineenglish.csv
1478,xJFlQQg31kQ,LatestFullmovieonlinehindi.csv
1479,_AKFpXDBuNk,LatestFullmovieonlinehindi.csv
1480,U8J6SjDCmZY,LatestFullmovieonlinehindi.csv
1481,lcgiw4JYMp8,LatestFullmovieonlinehindi.csv
1482,r6-bZUfwsho,LatestFullmovieonlinehindi.csv
1483,3Y2hZ2DbHR8,LatestFullmovieonlinehindi.csv
1484,gxBERAhEU7w,LatestFullmovieonlinehindi.csv
1485,naBbS4x3dk4,LatestFullmovieonlinehindi.csv
1486,XjuCjiiXNNs,LatestFullmovieonlinehindi.csv
1487,CG74F3nrEY8,LatestFullmovieonlinehindi.csv
1488,aeJzDAUDTV0,LatestFullmovieonlinehindi.csv
1489,ZFC78XMGBC0,LatestFullmovieonlinehindi.csv
1490,R6wm21ItUl0,LatestFullmovieonlinehindi.csv
1491,axjigH8di_k,LatestFullmovieonlinehindi.csv
1492,Kput1T95eTs,LatestFullmovieonlinehindi.csv
1493,-JTsMJlCt_k,LatestFullmovieonlinehindi.csv
1494,E0bk3i_0Vas,LatestFullmovieonlinehindi.csv
1495,JKj7fTyITJo,LatestFullmovieonlinehindi.csv
1496,G9ZV4NZ5Ulw,LatestFullmovieonlinehindi.csv
1497,uA2x_yT61LI,LatestFullmovieonlinehindi.csv
1498,LU9ALgdM3GI,LatestFullmovieonlinehindi.csv
1499,J3gePyBWxno,LatestFullmovieonlinehindi.csv
1500,uiP8GwSFHbo,LatestFullmovieonlinehindi.csv
1501,kzMWmQq6ws4,LatestFullmovieonlinehindi.csv
1502,IEoRL9wDQsw,LatestFullmovieonlinehindi.csv
1503,UMhWYUZqekM,LatestFullmovieonlinehindi.csv
1504,DL4zYN1ebhc,LatestFullmovieonlinehindi.csv
1505,hidzX1DKtiA,LatestFullmovieonlinehindi.csv
1506,NGGNH69goUU,LatestFullmovieonlinehindi.csv
1507,t20qfoCA1oc,LatestFullmovieonlinehindi.csv
1508,ajKJduIDP4U,LatestFullmovieonlinehindi.csv
1509,F1HVTPv214g,LatestFullmovieonlinehindi.csv
1510,FX3pmM7Duvs,LatestFullmovieonlinehindi.csv
1511,9wKVtVLhxjI,LatestFullmovieonlinehindi.csv
1512,Av8O-DxGc2w,LatestFullmovieonlinehindi.csv
1513,EyS9N595lfM,LatestFullmovieonlinehindi.csv
1514,qDWJllytQwM,LatestFullmovieonlinehindi.csv
1515,06Bb4G7xB3k,LatestFullmovieonlinehindi.csv
1516,M3olRft4lqg,LatestFullmovieonlinehindi.csv
1517,zkeTlreaX5s,LatestFullmovieonlinehindi.csv
1518,cx4Xwae513g,LatestFullmovieonlinehindi.csv
1519,dNPHcHIP4KA,LatestFullmovieonlinehindi.csv
1520,uKW_FPsFiB8,LatestFullmovieonlinehindi.csv
1521,vKUDZzuxcgk,LatestFullmovieonlinehindi.csv
1522,4hLt2U3FN28,LatestFullmovieonlinemalyalam.csv
1523,mC7iG9-_3LY,LatestFullmovieonlinemalyalam.csv
1524,42a3xnm0edY,LatestFullmovieonlinemalyalam.csv
1525,Hrm0kPN_ddE,LatestFullmovieonlinemalyalam.csv
1526,5bdzDm38UW0,LatestFullmovieonlinemalyalam.csv
1527,ZxaWFDt7S_k,LatestFullmovieonlinemalyalam.csv
1528,R97VF4uf4wo,LatestFullmovieonlinemalyalam.csv
1529,LmtftlmG43I,LatestFullmovieonlinemalyalam.csv
1530,QNV9VrIQezE,LatestFullmovieonlinemalyalam.csv
1531,rd7bLi22aow,LatestFullmovieonlinemalyalam.csv
1532,mpCMnrQRdfk,LatestFullmovieonlinemalyalam.csv
1533,TUnPxAJE6nE,LatestFullmovieonlinemalyalam.csv
1534,95rqZt-xick,LatestFullmovieonlinemalyalam.csv
1535,sNwljVflw9U,LatestFullmovieonlinemalyalam.csv
1536,lx3bBYvJiGE,LatestFullmovieonlinemalyalam.csv
1537,3W4RZ9pAMy8,LatestFullmovieonlinemalyalam.csv
1538,vE4dMeosBag,LatestFullmovieonlinemalyalam.csv
1539,TwXmFACcAjs,LatestFullmovieonlinemalyalam.csv
1540,DbY_M6ymM_A,LatestFullmovieonlinemalyalam.csv
1541,Bfb85BLz5HY,LatestFullmovieonlinemalyalam.csv
1542,--U1MFi9qGQ,LatestFullmovieonlinemalyalam.csv
1543,ZlcpGeSADxU,LatestFullmovieonlinemalyalam.csv
1544,mNbA2oM6xus,LatestFullmovieonlinemalyalam.csv
1545,nJlIiWQ4Vak,LatestFullmovieonlinemalyalam.csv
1546,NAd8f7R7xN8,LatestFullmovieonlinemalyalam.csv
1547,lhvovIxzTos,LatestFullmovieonlinemalyalam.csv
1548,CC_syjfNEqw,LatestFullmovieonlinemalyalam.csv
1549,KNJaUxxDgAc,LatestFullmovieonlinemalyalam.csv
1550,5c5TiTp0eRc,LatestFullmovieonlinemalyalam.csv
1551,FKCH-eOeMR4,LatestFullmovieonlinemalyalam.csv
1552,6m0wL6NJfM4,LatestFullmovieonlinemalyalam.csv
1553,U97OPnXorlQ,LatestFullmovieonlinemalyalam.csv
1554,u0svMnMeovg,LatestFullmovieonlinemalyalam.csv
1555,l6pDCvefSbg,LatestFullmovieonlinemalyalam.csv
1556,vZWzqM02rDE,LatestFullmovieonlinemalyalam.csv
1557,YNGZGHpqUzY,LatestFullmovieonlinemalyalam.csv
1558,k7b202W79-I,LatestFullmovieonlinemalyalam.csv
1559,95hoURdg9ow,LatestFullmovieonlinemalyalam.csv
1560,m92Z7CKMMkQ,LatestFullmovieonlinemalyalam.csv
1561,BLRBPjECVL8,LatestFullmovieonlinemalyalam.csv
1562,Idzjftn58SE,LatestFullmovieonlinemalyalam.csv
1563,SAo5w4jqiHo,LatestFullmovieonlinemalyalam.csv
1564,vNtvUNRVTr0,LatestFullmovieonlinemalyalam.csv
1565,DcGgnXyBIu8,LatestFullmovieonlinemalyalam.csv
1566,g4_2V7WhxTE,LatestFullmovieonlinemalyalam.csv
1567,yp14H-m4L4o,LatestFullmovieonlinemalyalam.csv
1568,tWb8nvYX-vI,LatestFullmovieonlinemalyalam.csv
1569,R-95YNGAFqo,LatestFullmovieonlinetamil.csv
1570,iBnGsPqI5x8,LatestFullmovieonlinetamil.csv
1571,tFFLuOqKvHc,LatestFullmovieonlinetamil.csv
1572,FpeE4xsTLjQ,LatestFullmovieonlinetamil.csv
1573,I094UCwtwic,LatestFullmovieonlinetamil.csv
1574,Mym26qwAIJI,LatestFullmovieonlinetamil.csv
1575,y14NiX7jomI,LatestFullmovieonlinetamil.csv
1576,4D8D2DrgSOk,LatestFullmovieonlinetamil.csv
1577,b1KFoFUd7io,LatestFullmovieonlinetamil.csv
1578,emCnTDI2OQs,LatestFullmovieonlinetamil.csv
1579,tzURMEMDLDk,LatestFullmovieonlinetamil.csv
1580,tWIVEI2jWR0,LatestFullmovieonlinetamil.csv
1581,RRWKEPrMdxc,LatestFullmovieonlinetamil.csv
1582,8kk_3x1E5Yo,LatestFullmovieonlinetamil.csv
1583,0EtwC6borBI,LatestFullmovieonlinetamil.csv
1584,IrfYbXe7TPk,LatestFullmovieonlinetamil.csv
1585,i_wColumPrg,LatestFullmovieonlinetamil.csv
1586,-HJHLy0R1CQ,LatestFullmovieonlinetamil.csv
1587,QqIIghFe0eE,LatestFullmovieonlinetamil.csv
1588,ANXSlywMLxI,LatestFullmovieonlinetamil.csv
1589,EvM9H9j9seY,LatestFullmovieonlinetamil.csv
1590,tKe9I1sPOmA,LatestFullmovieonlinetamil.csv
1591,064PexPCYdU,LatestFullmovieonlinetamil.csv
1592,XTFFC0I3Clk,LatestFullmovieonlinetamil.csv
1593,lT-YFW6EDa4,LatestFullmovieonlinetamil.csv
1594,xZZhEL3wnIc,LatestFullmovieonlinetamil.csv
1595,ytWaMR3_1EE,LatestFullmovieonlinetamil.csv
1596,ugkd0P3POc8,LatestFullmovieonlinetamil.csv
1597,Q5ktpg3elLs,LatestFullmovieonlinetamil.csv
1598,cRROpmBxMxQ,LatestFullmovieonlinetamil.csv
1599,O1Iq4eE4nR0,LatestFullmovieonlinetamil.csv
1600,0yxnBEkgln8,LatestFullmovieonlinetamil.csv
1601,BQ7jf3ZkKHA,LatestFullmovieonlinetamil.csv
1602,gEXuhOfkIrE,LatestFullmovieonlinetamil.csv
1603,q-rvYB5Iwp0,LatestFullmovieonlinetamil.csv
1604,SgbN-oATJ-4,LatestFullmovieonlinetamil.csv
1605,ulK3X5-0Akw,LatestFullmovieonlinetamil.csv
1606,2OjHWlhVMOY,LatestFullmovieonlinetamil.csv
1607,GC1j9CN6_c8,LatestFullmovieonlinetamil.csv
1608,SVK-mHnia7E,LatestFullmovieonlinetamil.csv
1609,mH0W7GOW5Ms,LatestFullmovieonlinetamil.csv
1610,YLXJUHOTh9U,LatestFullmovieonlinetamil.csv
1611,g51gxXa4eyc,LatestFullmovieonlinetamil.csv
1612,OOQlCD5qMPY,LatestFullmovieonlinetelugu.csv
1613,JYApzdYCQew,LatestFullmovieonlinetelugu.csv
1614,yR1OwH_gmiI,LatestFullmovieonlinetelugu.csv
1615,A-dLWYER8HE,LatestFullmovieonlinetelugu.csv
1616,sqW95LOMrBU,LatestFullmovieonlinetelugu.csv
1617,0Zp0dvT3nCQ,LatestFullmovieonlinetelugu.csv
1618,_kw36StQSdg,LatestFullmovieonlinetelugu.csv
1619,mz-i7HXAdFE,LatestFullmovieonlinetelugu.csv
1620,0nJCvvnk7OM,LatestFullmovieonlinetelugu.csv
1621,8lw5KyU3aoQ,LatestFullmovieonlinetelugu.csv
1622,8EDIJcaAq8Y,LatestFullmovieonlinetelugu.csv
1623,0moane9bFnQ,LatestFullmovieonlinetelugu.csv
1624,cs_sWQX45NU,LatestFullmovieonlinetelugu.csv
1625,wl7FV1LHcU4,LatestFullmovieonlinetelugu.csv
1626,_Nq2m5LRQ3g,LatestFullmovieonlinetelugu.csv
1627,ZKbydYg8R-E,LatestFullmovieonlinetelugu.csv
1628,y5uKhAsNVks,LatestFullmovieonlinetelugu.csv
1629,Yh0oDHqcRZY,LatestFullmovieonlinetelugu.csv
1630,3WUKuxLCbcM,LatestFullmovieonlinetelugu.csv
1631,COZyGEk6QT8,LatestFullmovieonlinetelugu.csv
1632,hidzX1DKtiA,LatestFullmovieonlinetelugu.csv
1633,zGCoaFDriHo,LatestFullmovieonlinetelugu.csv
1634,CJhtn98Ilnk,LatestFullmovieonlinetelugu.csv
1635,pYzTzz90e4Y,LatestFullmovieonlinetelugu.csv
1636,eXdfm0Xgd34,LatestFullmovieonlinetelugu.csv
1637,p4ly27Qt_o8,LatestFullmovieonlinetelugu.csv
1638,7kiauUxnoKA,LatestFullmovieonlinetelugu.csv
1639,wQoCWbHjtR0,LatestFullmovieonlinetelugu.csv
1640,-5ELjy88G-U,LatestFullmovieonlinetelugu.csv
1641,OwwsHvn1pGk,LatestFullmovieonlinetelugu.csv
1642,LS6XiINMc2s,LatestFullmovieonlinetelugu.csv
1643,2r8GHxTD6ck,LatestFullmovieonlinetelugu.csv
1644,vct4BF10AG0,LatestFullmovieonlinetelugu.csv
1645,ka_rE__84Hk,LatestFullmovieonlinetelugu.csv
1646,Tpwu8WVtG-s,LatestFullmovieonlinetelugu.csv
1647,dWsIGLsybYQ,LatestFullmovieonlinetelugu.csv
1648,fEeYOBe5quA,LatestFullmovieonlinetelugu.csv
1649,BslcqqAOmRQ,LatestFullmovieonlinetelugu.csv
1650,dJIPVOTbay0,LatestFullmovieonlinetelugu.csv
1651,HeQDrhd3ddE,LatestFullmovieonlinetelugu.csv
1652,aZ1JioQ01mw,LatestFullmovieonlinetelugu.csv
1653,Rv3DLPFbQgA,LatestFullmovieonlinetelugu.csv
1654,sDtqF64DubM,LatestFullmovieonlinetelugu.csv
1655,nBT_3C9WZL8,LatestFullmovieonlinetelugu.csv
1656,28fOOscTsc4,LatestFullmovieonlinetelugu.csv
1657,xtmdhMATp5U,LatestFullmovieonlinetelugu.csv
1658,vXBfwgwT1nQ,notclickbait.csv
1659,3vU1Ms0ZFjI,notclickbait.csv
1660,gjudadqKraA,notclickbait.csv
1661,W3s_jrkBprM,notclickbait.csv
1662,xwkObJfkVLQ,notclickbait.csv
1663,maVDNDYMewk,notclickbait.csv
1664,wQv8nauYMqg,notclickbait.csv
1665,4rNASofVcd4,notclickbait.csv
1666,mEzqoCslcWQ,notclickbait.csv
1667,u2nDQ1f7wcs,notclickbait.csv
1668,V1_UoS-4dAo,notclickbait.csv
1669,kd01_a5zd6o,notclickbait.csv
1670,L9SFQTrfUwc,notclickbait.csv
1671,K5QJ4ARXP_o,notclickbait.csv
1672,yDHmcShjDOw,notclickbait.csv
1673,s6Kulupujko,notclickbait.csv
1674,uw5mQOIH4ag,notclickbait.csv
1675,CYll_-62Cp0,notclickbait.csv
1676,ygHb9LNvxyU,notclickbait.csv
1677,UBupmhk1soI,notclickbait.csv
1678,bix4uU4Y6zY,notclickbait.csv
1679,pq2Pl_xoK-8,notclickbait.csv
1680,NAVv748JFuo,notclickbait.csv
1681,OeaJNR5qiPI,notclickbait.csv
1682,ENTFrMSenLA,notclickbait.csv
1683,DKrj45ou6Ok,notclickbait.csv
1684,43j1anbQ9us,notclickbait.csv
1685,YVfIr9zRRJk,notclickbait.csv
1686,f7SGree_-Ww,notclickbait.csv
1687,-60jr3GKNWQ,notclickbait.csv
1688,NccOMT_v7pk,notclickbait.csv
1689,Wne-9M9MOZI,notclickbait.csv
1690,mQnR7w6oghc,notclickbait.csv
1691,bWRdL9CKEug,notclickbait.csv
1692,zjdRyTIk3a8,notclickbait.csv
1693,R9vKAWkWeT8,notclickbait.csv
1694,zc1aCuJEgyc,notclickbait.csv
1695,ty0zgCuMy3k,notclickbait.csv
1696,ONNJLbCaeiY,notclickbait.csv
1697,2nrcPXveAvU,notclickbait.csv
1698,ieuBIbPUsZg,notclickbait.csv
1699,MDzBiFdJvzg,notclickbait.csv
1700,Vh2WX2JNIFo,notclickbait.csv
1701,RXy6iYB4lhE,notclickbait.csv
1702,QT2JcjGPGiA,notclickbait.csv
1703,T1KRQ3RcvXA,notclickbait.csv
1704,s4FNF2OODP4,notclickbait.csv
1705,v-WEwtcR7uY,notclickbait.csv
1706,a4169iMxT8A,notclickbait.csv
1707,0fF9pBEEHPs,notclickbait.csv
1708,HHxN7hmV4ww,OnlinetradingEarnfreemoney.csv
1709,4VmY1Q5bKBg,OnlinetradingEarnfreemoney.csv
1710,9l4FoNOA8BE,OnlinetradingEarnfreemoney.csv
1711,6gXiYK4ww5g,OnlinetradingEarnfreemoney.csv
1712,MRnoT9-swTQ,OnlinetradingEarnfreemoney.csv
1713,sojDHwLy7eo,OnlinetradingEarnfreemoney.csv
1714,5aaOgaHpdc0,OnlinetradingEarnfreemoney.csv
1715,2JZMj7kIrCI,OnlinetradingEarnfreemoney.csv
1716,sZVO64YvNos,OnlinetradingEarnfreemoney.csv
1717,VWDVHCXfKzM,OnlinetradingEarnfreemoney.csv
1718,WNhqiBUPL3Y,OnlinetradingEarnfreemoney.csv
1719,Ropprzb5kY8,OnlinetradingEarnfreemoney.csv
1720,wLx-QfcuJmQ,OnlinetradingEarnfreemoney.csv
1721,MaI8YhcwQOk,OnlinetradingEarnfreemoney.csv
1722,afQqN9ubDOk,OnlinetradingEarnfreemoney.csv
1723,1Y6jWeweUqw,OnlinetradingEarnfreemoney.csv
1724,n6yW7fXwAu0,OnlinetradingEarnfreemoney.csv
1725,m7UOXkIESLM,OnlinetradingEarnfreemoney.csv
1726,yC77A5BEKUg,OnlinetradingEarnfreemoney.csv
1727,NHGegxBG8eM,OnlinetradingEarnfreemoney.csv
1728,g4VdNa7y9KI,OnlinetradingEarnfreemoney.csv
1729,SfjNfEuqabw,OnlinetradingEarnfreemoney.csv
1730,LciORpR2cMs,OnlinetradingEarnfreemoney.csv
1731,6Xdh2Xq3v8A,OnlinetradingEarnfreemoney.csv
1732,6cohYnYynsk,OnlinetradingEarnfreemoney.csv
1733,8QDeIcMLRjc,OnlinetradingEarnfreemoney.csv
1734,vDCMZZvi3VM,OnlinetradingEarnfreemoney.csv
1735,sGXgfdfxPl8,OnlinetradingEarnfreemoney.csv
1736,20fJAZiKh98,OnlinetradingEarnfreemoney.csv
1737,QP0WbGiShAE,OnlinetradingEarnfreemoney.csv
1738,JGUiDvZEU2s,OnlinetradingEarnfreemoney.csv
1739,eRMveVUMu1I,OnlinetradingEarnfreemoney.csv
1740,_jmw2wLUKmQ,OnlinetradingEarnfreemoney.csv
1741,3X4ctpdqfi4,OnlinetradingEarnfreemoney.csv
1742,RfUIIwt1kjU,OnlinetradingEarnfreemoney.csv
1743,Wk1XqXrnQmk,OnlinetradingEarnfreemoney.csv
1744,oim7JpV8RTE,OnlinetradingEarnfreemoney.csv
1745,PCG2DAYISoY,OnlinetradingEarnfreemoney.csv
1746,SsKt4wMey2Y,OnlinetradingEarnfreemoney.csv
1747,np0u1q7nOro,OnlinetradingEarnfreemoney.csv
1748,P30bkhf5MAA,OnlinetradingEarnfreemoney.csv
1749,Nxvdm-qJxdI,OnlinetradingEarnfreemoney.csv
1750,iJachHOgx88,OnlinetradingEarnfreemoney.csv
1751,cgdnhPHgGbw,OnlinetradingEarnfreemoney.csv
1752,YogettHDc4o,OnlinetradingEarnfreemoney.csv
1753,5qCoC5labn0,OnlinetradingEarnfreemoney.csv
1754,SZOvE3ZMWLQ,OnlinetradingEarnfreemoney.csv
1755,CuNoBzrIm2g,SeetoBelieve.csv
1756,dqBbdvQrVR8,SeetoBelieve.csv
1757,i9FN43Lm6sU,SeetoBelieve.csv
1758,EqZfh8AfSGE,SeetoBelieve.csv
1759,o9MPWwnztnI,SeetoBelieve.csv
1760,_OIHRh6dto8,SeetoBelieve.csv
1761,TBJGhhjPZOs,SeetoBelieve.csv
1762,xfTVbsaq3BE,SeetoBelieve.csv
1763,gXbbYJLsIGs,SeetoBelieve.csv
1764,YIH3yv6ZfKY,SeetoBelieve.csv
1765,PdEG9JGsaKU,SeetoBelieve.csv
1766,qBKOA_WF6_o,SeetoBelieve.csv
1767,9F7QTpeoIdM,SeetoBelieve.csv
1768,I3Rj9Mp4pwY,SeetoBelieve.csv
1769,j4if78EPS9A,SeetoBelieve.csv
1770,7RehlPr1kvY,SeetoBelieve.csv
1771,i4PDhzADFio,SeetoBelieve.csv
1772,YHmc4ozM-gk,SeetoBelieve.csv
1773,PUDoAHOPWdo,SeetoBelieve.csv
1774,VslDc8mLhbM,SeetoBelieve.csv
1775,NxxWAoAU7NE,SeetoBelieve.csv
1776,lNVXSS81APg,SeetoBelieve.csv
1777,ZscMZOBOM-E,SeetoBelieve.csv
1778,BIAyb-1uwTg,SeetoBelieve.csv
1779,xNUV7_7qbKQ,SeetoBelieve.csv
1780,H_sjUHoflCw,SeetoBelieve.csv
1781,9IIpSyYcYbo,SeetoBelieve.csv
1782,KitHyaPux9g,SeetoBelieve.csv
1783,VZfjq3zIVmc,SeetoBelieve.csv
1784,iyz0QYFq8bc,SeetoBelieve.csv
1785,7iAXHcruHI8,SeetoBelieve.csv
1786,uU8-Sq59KEk,SeetoBelieve.csv
1787,fufhE3fquKw,SeetoBelieve.csv
1788,QeWXpNCLSAw,SeetoBelieve.csv
1789,7YGBT34UFFk,SeetoBelieve.csv
1790,QtOh1q5AufM,SeetoBelieve.csv
1791,7Hn1LdH8H5E,SeetoBelieve.csv
1792,irIoLIAy9n4,SeetoBelieve.csv
1793,vp6bWZsx9QI,SeetoBelieve.csv
1794,7ok9VVCpY3Y,SeetoBelieve.csv
1795,bKMVpcbG-Uc,SeetoBelieve.csv
1796,U3_KjJ5QGZI,SeetoBelieve.csv
1797,8gbK8-UuX6Y,SeetoBelieve.csv
1798,yecJXuCI2nQ,SeetoBelieve.csv
1799,uO_ul0i-Onc,SeetoBelieve.csv
1800,zwMZMYf3NX0,SeetoBelieve.csv
1801,fGS2SgiLG80,SeetoBelieve.csv
1802,0GbJDQwY6MY,SeetoBelieve.csv
1803,z26EeWcFY0M,SeetoBelieve.csv
1804,_tFG-uk3WcE,SeetoBelieve.csv
1805,3s2RIurQV0Q,top10.csv
1806,Vn2HTH82oVw,top10.csv
1807,6E5A5AySHQQ,top10.csv
1808,07QofA2GgpA,top10.csv
1809,UCdnIviDwFU,top10.csv
1810,PeRsDttr5xE,top10.csv
1811,-o-70BqIxIs,top10.csv
1812,GZS0icVCB80,top10.csv
1813,vBleYTmhLpc,top10.csv
1814,A4Vj28PkrB8,top10.csv
1815,-2iZVJGwW8E,top10.csv
1816,Y7jnOH1L7_Y,top10.csv
1817,fVMedXH_bgI,top10.csv
1818,wgVssf01vYo,top10.csv
1819,Bhk46iKrcVI,top10.csv
1820,_8sq0BQ3Sc4,top10.csv
1821,7BqZpITUp4M,top10.csv
1822,0aa_xJR7Cms,top10.csv
1823,zhyqTEjMkAM,top10.csv
1824,_gLF3JRIFVA,top10.csv
1825,dmeZlKRCBZ8,top10.csv
1826,fsHuWgnf8r0,top10.csv
1827,0-aDTVFaj4Y,top10.csv
1828,zyi6DTVlcAs,top10.csv
1829,raeplLnCzJs,top10.csv
1830,Jbxo6jht3Ss,top10.csv
1831,czYhl310KVc,top10.csv
1832,M5Qly-VQfbo,top10.csv
1833,pZ_R4glgnOg,top10.csv
1834,xOI4rOAHhwY,top10.csv
1835,BuACWFJ1oOY,top10.csv
1836,AllSPzqo_E4,top10.csv
1837,PK4413SrF1A,top10.csv
1838,teqpmvV3lqI,top10.csv
1839,vFlvC3BzMC0,top10.csv
1840,ZcXAcrVWMAU,top10.csv
1841,l7bt05YkRFk,top10.csv
1842,rQiQiPdEf_Q,top10.csv
1843,gXkSF0RWauA,top10.csv
1844,iWEMRXUFTNc,top10.csv
1845,u997PhVn9k8,top10.csv
1846,cTkvtH2uhiM,top10.csv
1847,SDySXv7j_SM,top10.csv
1848,fn6dVCJfD8w,top10.csv
1849,vxWQx49duBg,top10.csv
1850,RfF_30mIvC0,top10.csv
1851,4qsJ1MJ2vhI,top10.csv
1852,fP-Y4f0EYcE,top10.csv
1853,KGW5XNEVUv4,top11.csv
1854,c4VsF-8OIzE,top11.csv
1855,Jnei1md-Ia0,top11.csv
1856,RtjSIWxgqDo,top11.csv
1857,c2Koa__7jMM,top11.csv
1858,OArACq2vEwY,top11.csv
1859,0Y_3igyDom4,top11.csv
1860,aelJEI-_dxs,top11.csv
1861,pAvNqdFaYNY,top11.csv
1862,ZmFYASIKbnM,top11.csv
1863,gwID2ritcfE,top11.csv
1864,11pMfMY4w4A,top11.csv
1865,QNYGPkPKVOw,top11.csv
1866,Y9cx9Pl-leI,top11.csv
1867,mWX0g0kBjAQ,top11.csv
1868,d1eHXGpqBEs,top11.csv
1869,qyZacZPzOS8,top11.csv
1870,8x215N-EynA,top11.csv
1871,FlmnTvS1FlQ,top11.csv
1872,L5vchMoxutc,top11.csv
1873,vPRSRiM9bcA,top11.csv
1874,-8qwvDjsqsA,top11.csv
1875,cGwlKs44YbM,top11.csv
1876,K_ZToyQYE2c,top11.csv
1877,vuAXQNmIvrU,top11.csv
1878,z5uf1bkQQ-s,top11.csv
1879,dwDwnrtyVhs,top11.csv
1880,wJ0fG-6-k_c,top11.csv
1881,xwTRQxrYGKs,top11.csv
1882,sRJiOqJxzQw,top11.csv
1883,5_-WNTaSeGc,top11.csv
1884,JJ4Pf_Tzg0Y,top11.csv
1885,tp5ywf61nbk,top11.csv
1886,YqyYoDa7bfs,top11.csv
1887,NmLhb9U6osg,top11.csv
1888,LM0nyOupkas,top11.csv
1889,qORj84g9QOI,top11.csv
1890,Q7tg6vwXWGo,top11.csv
1891,ww5W2CBqJzk,top11.csv
1892,16cQW4p8PY0,top11.csv
1893,JeXIs5LsuLE,top11.csv
1894,AnFxe3O3D64,top11.csv
1895,X19mgzr0nmg,top11.csv
1896,IQg0jT9IWWw,top11.csv
1897,SmVZlF66g1Q,top11.csv
1898,PUGMTj4uOfc,top11.csv
1899,W41gcI3i2DM,top11.csv
1900,8uNXYMpVZVE,top12.csv
1901,MjvxRc2FBys,top12.csv
1902,cSDDicTuihY,top12.csv
1903,NXyK1xRsp4Y,top12.csv
1904,gTIYpWMD2ck,top12.csv
1905,u9NSJa6jSEo,top12.csv
1906,RAiqefOQc30,top12.csv
1907,WwP_4-Y2QfQ,top12.csv
1908,U3Ryi25uVKk,top12.csv
1909,kU7RZkai8JU,top12.csv
1910,KkZhecw9ul4,top12.csv
1911,dpE7nvJlOwU,top12.csv
1912,qAEF8O3mnGI,top12.csv
1913,MfxQLSCnUqg,top12.csv
1914,YLqKEU_2JZQ,top12.csv
1915,AsDhL4t6duM,top12.csv
1916,_qudHzjWTXQ,top12.csv
1917,5wvzxSkjXOg,top12.csv
1918,mCL9DmupN3Q,top12.csv
1919,qh7XbkGb31c,top12.csv
1920,LE7qg7yAxTc,top12.csv
1921,qQsAbqJRXWg,top12.csv
1922,8ED8QkweurM,top12.csv
1923,nhQiosYODR4,top12.csv
1924,RmYdcJOtaY8,top12.csv
1925,05dnqtrNd2Q,top12.csv
1926,Ty8hGhqyDIc,top12.csv
1927,g0_EfWp1ocY,top12.csv
1928,WDx0SN3K6TY,top12.csv
1929,GiTp4hRkPSw,top12.csv
1930,0KBw78jumDo,top12.csv
1931,SLcM8Cis6oI,top12.csv
1932,heyAIujPb-Q,top12.csv
1933,DDmP_v7Ym0c,top12.csv
1934,KRXHcRh8yLo,top12.csv
1935,XNZube26x70,top12.csv
1936,K6qcEZA92TE,top12.csv
1937,1AGwBS9vQAc,top12.csv
1938,UEek9zqtpJc,top12.csv
1939,bpUWbvnWCK4,top12.csv
1940,Q2l1KmvDu_Y,top12.csv
1941,uwjtjMnLXco,top12.csv
1942,_jqHNToBd1U,top12.csv
1943,WrZdIL9hPQ4,top12.csv
1944,z3mxABKFims,top12.csv
1945,d2ZXUPR5y44,top12.csv
1946,6F0t_LpZ87I,top12.csv
1947,-qDsj7yz1yI,top12.csv
1948,8hni5QWoVIg,top12.csv
1949,GSWoMNMeMYE,top12.csv
1950,qZVUs19JzCI,top13.csv
1951,09MOFPvoWwI,top13.csv
1952,Kcp-n65ZoE0,top13.csv
1953,_8XqRebkq9s,top13.csv
1954,Ij4Jw5pSIeI,top13.csv
1955,0SA4ijOWxTU,top13.csv
1956,pOlR-XA2lHo,top13.csv
1957,ok0pqe1vYB4,top13.csv
1958,Y1BWAmrqgJA,top13.csv
1959,PXw_f8XkCMM,top13.csv
1960,1-SjYAU2r2k,top13.csv
1961,djGsP8PqwQ0,top13.csv
1962,L6nhtg2cRzU,top13.csv
1963,KwZ9Yk8LNyI,top13.csv
1964,_SqaBJacdcE,top13.csv
1965,8skgYF91mbs,top13.csv
1966,TfQNADWVPxI,top13.csv
1967,fc2HgoeMYtU,top13.csv
1968,PkbsEprigbY,top13.csv
1969,CnMju6cXQz4,top13.csv
1970,rN42Vg1zHi8,top13.csv
1971,xTrk47XWN3s,top13.csv
1972,g6gQxyI_akU,top13.csv
1973,YVwbxp1FyiE,top13.csv
1974,iPoYhFHX2JI,top13.csv
1975,vS3E4KeqJBQ,top13.csv
1976,xOywhKzCblY,top13.csv
1977,CH0MFvHBuSc,top13.csv
1978,jvEGmx9Q_mo,top13.csv
1979,YzV9LNo5CBE,top13.csv
1980,bjrukcO1mys,top13.csv
1981,kc3aqcWTVIo,top13.csv
1982,hH1Y3soXjvA,top13.csv
1983,6E5A5AySHQQ,top13.csv
1984,dwWnzquJdNI,top13.csv
1985,2PWriWkmUA8,top13.csv
1986,UuZTJxObIls,top13.csv
1987,ejQO87Mf0YU,top13.csv
1988,VELMHGR7jRM,top13.csv
1989,MOGnbb8jmtQ,top13.csv
1990,MotTllq5se0,top13.csv
1991,70qQcQmvW1U,top13.csv
1992,6tsf5fTo9VI,top13.csv
1993,R-4htEZWVDQ,top13.csv
1994,wuZFZxaqzpc,top13.csv
1995,Zk1R8m3vFjo,top13.csv
1996,6EutCcAvLxQ,top13.csv
1997,LN_ez2K0cTE,top13.csv
1998,u5OyaC77YMA,top13.csv
1999,Zph6WKN_ac8,top13.csv
2000,6VXVUwefvqc,top14.csv
2001,zr7aqGmeC88,top14.csv
2002,W2c0-RtrtfQ,top14.csv
2003,l7VAvjvbJ3g,top14.csv
2004,ra-mhMSHjdI,top14.csv
2005,MqPSA8uIfro,top14.csv
2006,VVXqHNbe7nc,top14.csv
2007,zyjegEjeJug,top14.csv
2008,ML0wXcKtnIE,top14.csv
2009,3tLxgEJJSD4,top14.csv
2010,5L4MLyfrijo,top14.csv
2011,b5_kvYWRRrs,top14.csv
2012,o2eZOJZQHrQ,top14.csv
2013,uIzuH0FW-1c,top14.csv
2014,E12posVHkjo,top14.csv
2015,s-X1t4iDd6I,top14.csv
2016,eG9TU8iXV6E,top14.csv
2017,WWeGkLGUyaI,top14.csv
2018,qg9WXRTN50U,top14.csv
2019,L06ujG8OqO0,top14.csv
2020,FXqb007KaDk,top14.csv
2021,_upDDR4Pevc,top14.csv
2022,DyvFlzwaVsM,top14.csv
2023,QZ3uah8AdEk,top14.csv
2024,T0PPLW5AnbI,top14.csv
2025,sgzjTwsjONg,top14.csv
2026,lQ51eZkX6-4,top14.csv
2027,RGaKi2fcz4w,top14.csv
2028,27JJCRGhQC0,top14.csv
2029,se8AeQKcp3Y,top14.csv
2030,6MsegavT4VM,top14.csv
2031,PTZP9SHMPzg,top14.csv
2032,BauMIng3dpk,top14.csv
2033,UnEbVW8rn34,top14.csv
2034,tPD729d2p9E,top14.csv
2035,Y6AXIqIynIQ,top14.csv
2036,UU71lGnkAeo,top14.csv
2037,St6uqICRfIU,top14.csv
2038,mYy_g4t-fcs,top14.csv
2039,L97S87-NBs4,top14.csv
2040,h1g2kJxxz74,top14.csv
2041,5rRKYjuAgeA,top14.csv
2042,f6BxNWjoGfU,top14.csv
2043,BjOWoNWXBm4,top14.csv
2044,GXay6nCMl7A,top14.csv
2045,aSZA2Y78RwQ,top14.csv
2046,3TDunZAMsLI,top14.csv
2047,8gKXxd4DIrg,top14.csv
2048,Vdx97vyxpjI,top14.csv
2049,BtRy9i0XOys,top15.csv
2050,4t73-NmzHk0,top15.csv
2051,iTMmYX7MPGM,top15.csv
2052,8mKQE7AvhWw,top15.csv
2053,jbehTg9cq0o,top15.csv
2054,hgywVQg7N3Y,top15.csv
2055,O0BjbDNxvt4,top15.csv
2056,jYngIIib9vo,top15.csv
2057,XeBWChqsYwg,top15.csv
2058,C3UJBMAy5xE,top15.csv
2059,J0yZpmznEY8,top15.csv
2060,L9ssq0KufmE,top15.csv
2061,wL2zhikLm0g,top15.csv
2062,Kv0jFTrhoIw,top15.csv
2063,Ts44hYDhsJQ,top15.csv
2064,WYhvnyOPhFo,top15.csv
2065,gidVYJsVwdU,top15.csv
2066,JYbdpd6ZmXk,top15.csv
2067,65s-tHESZZY,top15.csv
2068,T8fbNsj2dyo,top15.csv
2069,Vn2HTH82oVw,top15.csv
2070,l6FasjnqEBo,top15.csv
2071,tauNqKD8aMg,top15.csv
2072,6N43gP99Z4s,top15.csv
2073,7kvfkWm4n-U,top15.csv
2074,lKc0Xu2ElQM,top15.csv
2075,C7mn_AMChAg,top15.csv
2076,p5Vyzj0Q0YE,top15.csv
2077,azSYefZhv1s,top15.csv
2078,mPfUrG21nLg,top15.csv
2079,VNu4ZsrqCMc,top15.csv
2080,fqGkZMI0hBc,top15.csv
2081,ypiHUBFzWzY,top15.csv
2082,HsNaTRZbwJc,top15.csv
2083,tdFLruEV__U,top15.csv
2084,gJMz9gRhDLY,top15.csv
2085,0aa_xJR7Cms,top15.csv
2086,0clf00jvvUc,top15.csv
2087,gjC9g9ntGD0,top15.csv
2088,B_Vws_T_Q8k,top15.csv
2089,lr3au-ZdIOE,top15.csv
2090,_mt62fR0Gc4,top15.csv
2091,Il_KGsw2miI,top15.csv
2092,NRI1rnf46eo,top15.csv
2093,CPHiJYpxe0Q,top15.csv
2094,KX4vMWakRRk,top15.csv
2095,7qCESSohvT4,top15.csv
2096,rMKKynTf9as,top15.csv
2097,RrpHaJooAAs,top15.csv
2098,hq7G3Wmlrss,top16.csv
2099,55Vy1v13AEk,top16.csv
2100,r6CN38a6MVI,top16.csv
2101,rDv0lCeLUzY,top16.csv
2102,xlNzF8tFyxw,top16.csv
2103,2_IaZq-QSGA,top16.csv
2104,vpuDde8nRHA,top16.csv
2105,4nStzaQ76wc,top16.csv
2106,Vys9wVZXzV8,top16.csv
2107,j6JfQQ3rbk8,top16.csv
2108,vClgyleV2GM,top16.csv
2109,t8z1Ez-IPmo,top16.csv
2110,G8UJGWATAUo,top16.csv
2111,jU6HiOGWoQE,top16.csv
2112,tIN2VcAMFtE,top16.csv
2113,Q00x0f-5cRA,top16.csv
2114,wNBFzxzUeLY,top16.csv
2115,SzBcUhNcR7I,top16.csv
2116,ltDiPJDiZMc,top16.csv
2117,PmdyzTII7xs,top16.csv
2118,X1zEOa4EMBY,top16.csv
2119,iICtIr08kAQ,top16.csv
2120,Rcekdi_G4uU,top16.csv
2121,d6GtPdUt368,top16.csv
2122,pC7jB0BjtN8,top16.csv
2123,fmYRTeBPil0,top16.csv
2124,m7HGAtR7jSk,top16.csv
2125,eTAX808ltFo,top16.csv
2126,1kAz_-jpwuA,top16.csv
2127,t1ZY-_vIhNc,top16.csv
2128,_0H322bEFTs,top16.csv
2129,1NjAJgWrTXw,top16.csv
2130,lSfVv0GLGsI,top16.csv
2131,D9zGrU6YbMU,top16.csv
2132,4iljT8Fbf3w,top16.csv
2133,J_dNFTj_9Io,top16.csv
2134,MFTbOYDhP_s,top16.csv
2135,xZX-So5Ppsk,top16.csv
2136,zVauW1SCl6g,top16.csv
2137,OaQslrG_AkM,top16.csv
2138,0_Kq3IQQMNA,top16.csv
2139,z-rRDQxGQJs,top16.csv
2140,8wlTLix6rO8,top16.csv
2141,_v2yzwkAUc4,top16.csv
2142,dNDrpdvXQgo,top16.csv
2143,rSR7vgbrshs,top16.csv
2144,t7PS_ZOQMUM,top16.csv
2145,tf-AO25wuK8,top16.csv
2146,160sD6Bz8MU,top16.csv
2147,0mIb7PeYKj0,top16.csv
2148,Dr-8z7rirn0,top17.csv
2149,prSH8jwV7Ek,top17.csv
2150,svsbLcdJNs0,top17.csv
2151,Yw6EyrkYKfA,top17.csv
2152,7mRTyFk48D4,top17.csv
2153,_Q3SzaCCVYQ,top17.csv
2154,usQ99WamE5I,top17.csv
2155,uynrUnueckU,top17.csv
2156,FAXF4mDqVIQ,top17.csv
2157,y6BM2tBxSS8,top17.csv
2158,qRL6bncEjnI,top17.csv
2159,fLxf6vIO4aw,top17.csv
2160,NqWwhY_8j0I,top17.csv
2161,l_5XqEN_Sxs,top17.csv
2162,cKkWEsLVj4I,top17.csv
2163,XftvqB4GMG0,top17.csv
2164,FryiGAUhzMs,top17.csv
2165,31p8r9Ax6y0,top17.csv
2166,WbqIJl5RdyY,top17.csv
2167,4jNGxpJOj8g,top17.csv
2168,P3w-mkQlgys,top17.csv
2169,U8sZfuAZjoo,top17.csv
2170,3BWgwYZj6bI,top17.csv
2171,1CsugsDB1X4,top17.csv
2172,AV9zYI1Yvfk,top17.csv
2173,l45OcHjlYuM,top17.csv
2174,AlC3KRvmt-0,top17.csv
2175,7ESola_kPpE,top17.csv
2176,CFhgcSnJaUQ,top17.csv
2177,cgwIbMduPng,top17.csv
2178,MN6hfzwY1vk,top17.csv
2179,evVdjs08zrY,top17.csv
2180,vAK_46_tFNQ,top17.csv
2181,MHI8PxYnLVA,top17.csv
2182,0GZApHB6e_w,top17.csv
2183,5NBE2zZ0ta8,top17.csv
2184,l_0utYphENQ,top17.csv
2185,ULtcOfbZXwY,top17.csv
2186,8nZW72GCa4s,top17.csv
2187,SPjXiuwGpVY,top17.csv
2188,OqV4fOoMGIc,top17.csv
2189,yY78UnigkhE,top17.csv
2190,fJqxf7zqYCo,top17.csv
2191,dFZCPQkpbzk,top17.csv
2192,lxdSCMw7448,top17.csv
2193,bEgUUfB2nVk,top17.csv
2194,Ws2CtTcxwvg,top18.csv
2195,jtzQz4FpWew,top18.csv
2196,eYKHZY-kiOU,top18.csv
2197,j48EuYK0s64,top18.csv
2198,6qQB6O4e4o0,top18.csv
2199,NgtsmYqCpaE,top18.csv
2200,AwcYrwDjzNc,top18.csv
2201,qbKFf9rFMok,top18.csv
2202,bpB-7t4Aixg,top18.csv
2203,sMu_mid3FHE,top18.csv
2204,O0B59u3msNA,top18.csv
2205,7I_sq3umvQc,top18.csv
2206,pjQM753sfSI,top18.csv
2207,odkNnRyn-08,top18.csv
2208,LrafRgfiYv0,top18.csv
2209,aIjLJgImlWA,top18.csv
2210,wAQ_H-vw20g,top18.csv
2211,GnLJtvR0Dt4,top18.csv
2212,w6nxpgq8zL8,top18.csv
2213,nZQxbX5eQo8,top18.csv
2214,-eAk0CAWZAk,top18.csv
2215,uSP4loyS2MI,top18.csv
2216,9nCBNNzXI88,top18.csv
2217,6CdpPGK8icM,top18.csv
2218,6j0wMSZL4Qk,top18.csv
2219,Ra6cb73pO0U,top18.csv
2220,9BwojWqTzgs,top18.csv
2221,iS1GowaBWvk,top18.csv
2222,iGrme0jSY7o,top18.csv
2223,bxlOxzuirNI,top18.csv
2224,9CVn5QVX94A,top18.csv
2225,g-qFqZROg5U,top18.csv
2226,7WRsR9uSV7w,top18.csv
2227,d30X7FgRWHk,top18.csv
2228,nNZeB9wNSQg,top18.csv
2229,WBxA2OLDLpY,top18.csv
2230,asWaECCKKRE,top18.csv
2231,tKPpD_9mcxU,top18.csv
2232,GseFB4Bahsw,top18.csv
2233,6Ck_mpqY9Fg,top18.csv
2234,ZydmGrQQIvs,top18.csv
2235,ur5-bUDJULo,top18.csv
2236,DVBWZyevmao,top18.csv
2237,mUNzGvJcpeo,top18.csv
2238,KAkiu0gBrec,top18.csv
2239,00w8OkJhdJw,top18.csv
2240,M26qdzFWXcg,top18.csv
2241,nAcuOXFaLjM,top18.csv
2242,93DT-9lGAVg,top18.csv
2243,1jWelBzp5iY,top18.csv
2244,OBQnBbZLIyI,top19.csv
2245,S8nrENQyzb4,top19.csv
2246,-ySl_ytAuZw,top19.csv
2247,ypiHUBFzWzY,top19.csv
2248,3mOoArXdouc,top19.csv
2249,in9-zDjWcwI,top19.csv
2250,jGe9ZyEieKQ,top19.csv
2251,jhmhK13q6iI,top19.csv
2252,IEl2Rv0HTb8,top19.csv
2253,3qVHPUk_KYA,top19.csv
2254,Mfi_VunJ0Sk,top19.csv
2255,J5FrAnWU33s,top19.csv
2256,3UXs7GMJZj4,top19.csv
2257,HDkhv28nxAM,top19.csv
2258,DzUSzIKjUZI,top19.csv
2259,UgXXhCxkPD0,top19.csv
2260,lz_ZGBMB1Ks,top19.csv
2261,WLXH4FuF4Z0,top19.csv
2262,MY19pJIPLoM,top19.csv
2263,o_MDp5QZxoo,top19.csv
2264,ZmFYASIKbnM,top19.csv
2265,8rejk_rjU68,top19.csv
2266,m_wk3tWZTHs,top19.csv
2267,e5PyS8h_cIM,top19.csv
2268,usYmqUIVXeM,top19.csv
2269,RpsiscurPRA,top19.csv
2270,RiSmT2B5U90,top19.csv
2271,_CVTlgz07U4,top19.csv
2272,e51t0dYUzVs,top19.csv
2273,4iakWaKk6Jw,top19.csv
2274,vgDfoOBs7rE,top19.csv
2275,Zk0ohPRU7lE,top19.csv
2276,Jso-mwQ00Ts,top19.csv
2277,-W2182zn3lU,top19.csv
2278,wm2iPUgAP5g,top19.csv
2279,BdXIVKXuIqc,top19.csv
2280,QyYSyYMfIq8,top19.csv
2281,KzfqxG1a0Zs,top19.csv
2282,d79HTIl70u4,top19.csv
2283,lJCspht1Pq8,top19.csv
2284,-51nKdi1VpE,top19.csv
2285,Il0-fWf9JIQ,top19.csv
2286,n3rJUMdcOd8,top19.csv
2287,AlcXewBajbA,top19.csv
2288,gLvbDXHUEbk,top19.csv
2289,lNac2LT919w,top19.csv
2290,-1avJuoQ1P8,top19.csv
2291,tj4GU07e_nI,top19.csv
2292,dYovxejT-rA,top20.csv
2293,EEXcCowsOgs,top20.csv
2294,zu3iCi0wAC8,top20.csv
2295,tgltqcY_Tbw,top20.csv
2296,Dhfs4jp9A-Q,top20.csv
2297,Q1rhoq77dcY,top20.csv
2298,8XJHEe1hhPY,top20.csv
2299,kchvrvlK72k,top20.csv
2300,W5ksZzTLR9o,top20.csv
2301,TRj2CuehYtQ,top20.csv
2302,97RqvVbO1DQ,top20.csv
2303,cHNfHCPA8tU,top20.csv
2304,JYxGEI3E0Xk,top20.csv
2305,aU5ZzJfKVuA,top20.csv
2306,pys9EBEUbFA,top20.csv
2307,ObUlIoYXLVU,top20.csv
2308,Q3Bh3NHXBN8,top20.csv
2309,f8hoezh8mvE,top20.csv
2310,oSuR13-FNiY,top20.csv
2311,9Gt_-yO72LI,top20.csv
2312,ANAEKTj7UDQ,top20.csv
2313,US5vf3gZe9Y,top20.csv
2314,zt9dE-GjP2U,top20.csv
2315,i7MtYfUhfiQ,top20.csv
2316,ziI1YSne4Og,top20.csv
2317,pLZq3jgE6qA,top20.csv
2318,8LsiJXkcTAk,top20.csv
2319,0H7cO4rL3Fs,top20.csv
2320,vCXXershFxc,top20.csv
2321,8ob2oG_lvTA,top20.csv
2322,It3Pmu6hYuU,top20.csv
2323,G1AfGxTQAWY,top20.csv
2324,cMXVmWp8Hiw,top20.csv
2325,_40-FPYV67U,top20.csv
2326,RwiA2UdU24Y,top20.csv
2327,8ERXJP7CzCo,top20.csv
2328,7RbihU_-Tds,top20.csv
2329,OxSZBk7D0hU,top20.csv
2330,p_RhUmD8enk,top20.csv
2331,wNCwGt7SKPM,top20.csv
2332,Bw-UyhcVbZg,top20.csv
2333,6U-o0uCTUdM,top20.csv
2334,J7nKv5BdOpg,top20.csv
2335,NqnlTKVlNRk,top20.csv
2336,8cZp4Xun1xc,top20.csv
2337,Vv1oMPWS6gU,top20.csv
2338,Fy3cJ03vDQk,top20.csv
2339,6jFPFk_mF0k,top3.csv
2340,G_lR3CK_B-c,top3.csv
2341,uQJ5JjbVcp4,top3.csv
2342,m04rNeGvIC8,top3.csv
2343,o4gqY2an3rc,top3.csv
2344,-XNlTPwppAI,top3.csv
2345,XQTKq-TaOj4,top3.csv
2346,omm7vlD8DoI,top3.csv
2347,V6df5qoWFPc,top3.csv
2348,9Vc0YNxN9Sc,top3.csv
2349,AksuhjbVUtA,top3.csv
2350,C0a3AMm3Yb8,top3.csv
2351,V8N6MN32RlY,top3.csv
2352,lTUMe_OvfRs,top3.csv
2353,n3DtTSuxa80,top3.csv
2354,rSmLoO-dbiA,top3.csv
2355,kdtQeWHx5gw,top3.csv
2356,vM1QnvZfqOI,top3.csv
2357,b9BhueD4XZw,top3.csv
2358,1vZ9OFvu4zI,top3.csv
2359,3xFGmd401VU,top3.csv
2360,WhJdOB7Wv0s,top3.csv
2361,AT7G3YQ_6Ns,top3.csv
2362,aRIq_qQWglw,top3.csv
2363,jbWL2b5Umnk,top3.csv
2364,25np85bVLYw,top3.csv
2365,nLzai7SFyQA,top3.csv
2366,5p6265oBRsA,top3.csv
2367,EUkb0Qr6GfU,top3.csv
2368,5BfR0RDoNp4,top3.csv
2369,8iKnZlumlJI,top3.csv
2370,xfM_HxAci5Y,top3.csv
2371,FiIYXLRaVEY,top3.csv
2372,d3uxUxPss74,top3.csv
2373,oWwtu7OXzRk,top3.csv
2374,FjBNNzGTdJ4,top3.csv
2375,wcBU56FAp6c,top3.csv
2376,EOSud9HBbCw,top3.csv
2377,QRqJXCzZjNY,top3.csv
2378,8-C68y59gwc,top3.csv
2379,YtdNN7f7hV0,top3.csv
2380,jQCU0njudME,top3.csv
2381,vQQ39M0iHrc,top3.csv
2382,dXK6tcKiLKI,top3.csv
2383,PhUPiBkBMCA,top3.csv
2384,AQqFIcH45pI,top3.csv
2385,xjkOcMykqZw,top3.csv
2386,rzjWnzMrc_4,top3.csv
2387,7mmWFSAQmvM,top3.csv
2388,zbyu6MOzpLE,top4.csv
2389,jjBlnLEVccQ,top4.csv
2390,UgI_U1qMMSI,top4.csv
2391,pShWXtEpw0k,top4.csv
2392,gi4az8cpMkA,top4.csv
2393,_1Saj_jt6Vw,top4.csv
2394,xRfS4aN0Wfg,top4.csv
2395,T95xrNlYxfg,top4.csv
2396,I_2rJj3lh7o,top4.csv
2397,IlNfid4ddLE,top4.csv
2398,weAa2WmsNpg,top4.csv
2399,N0kXmpAiHSc,top4.csv
2400,aYSXtl0gdyA,top4.csv
2401,WT8GmpHwqjI,top4.csv
2402,HHuOu8L5f58,top4.csv
2403,6aKvb96HPVw,top4.csv
2404,SLZ8GU2j0PE,top4.csv
2405,BZLYDjvHr-Y,top4.csv
2406,ieosCUG3yG4,top4.csv
2407,rhe9GFav5NM,top4.csv
2408,Sg1SlHeM97A,top4.csv
2409,5qO8XFEfk64,top4.csv
2410,2BNoXDCXtmY,top4.csv
2411,3f2pvSqTfeA,top4.csv
2412,1l1dIuTpLQU,top4.csv
2413,K8Y9v8iWv-0,top4.csv
2414,rS-pmertP7Q,top4.csv
2415,ZG5DT_oteKI,top4.csv
2416,Y5QuPk1EF74,top4.csv
2417,6N9jvzy6yhg,top4.csv
2418,bQcDOvoClaU,top4.csv
2419,T4U2Jab6DDQ,top4.csv
2420,sxPPD5cZeVw,top4.csv
2421,p8mBnOcad3c,top4.csv
2422,uF7hrJ9w0UY,top4.csv
2423,qBdoP5hKReI,top4.csv
2424,OyXOMumFfQk,top4.csv
2425,s5LpKkF9H80,top4.csv
2426,PcB6_Lqy0DA,top4.csv
2427,PWno2J30Mrs,top4.csv
2428,b2I0j1_biZU,top4.csv
2429,JGgqtv5z0fY,top4.csv
2430,085oGrXty9g,top4.csv
2431,vukZku_UVdg,top4.csv
2432,5s4wlmfGwJ4,top4.csv
2433,NkSoeUcujVc,top4.csv
2434,JbU_rq7PXvY,top4.csv
2435,kjpH-fa4bm8,top4.csv
2436,EKu65K8Djhs,top4.csv
2437,h9u7TnMz1io,top4.csv
2438,4nStzaQ76wc,top5.csv
2439,RJoT-pszIxQ,top5.csv
2440,XvT9F9z83J4,top5.csv
2441,PUOjPa65m_U,top5.csv
2442,TR0aRpk6A0o,top5.csv
2443,yw8f-wc7Z3Q,top5.csv
2444,68A1G4EOXV8,top5.csv
2445,cp0dnHhToYQ,top5.csv
2446,JsrbTQW9rgc,top5.csv
2447,uNzdZbDUUoU,top5.csv
2448,webu7DhuEfQ,top5.csv
2449,R47vrRFhfgM,top5.csv
2450,CE7qNjCvYls,top5.csv
2451,NWwYx_WDtZI,top5.csv
2452,n7V92wR0ZLs,top5.csv
2453,HzKRKtfw4Mw,top5.csv
2454,CajINDSIJ-Y,top5.csv
2455,a9rsKwzHdqI,top5.csv
2456,-53hNQFIupk,top5.csv
2457,2BbYwp-i400,top5.csv
2458,Sbq4Fd6x9zs,top5.csv
2459,iU_o9yI7L98,top5.csv
2460,fyAkKn2l_u8,top5.csv
2461,zkwE-EUuTAA,top5.csv
2462,e_GipXtxKas,top5.csv
2463,xddzr11WICI,top5.csv
2464,ulLBKTcwoiY,top5.csv
2465,vfYUjlUK-vA,top5.csv
2466,RWn6AjDc_hI,top5.csv
2467,uyvmWBBagbc,top5.csv
2468,1AE78enXa-A,top5.csv
2469,GHib-W_wmTA,top5.csv
2470,ZhQOjNIqtpw,top5.csv
2471,VrP3xZEw9rI,top5.csv
2472,IWbB0E0o9zY,top5.csv
2473,djVDpDRIyR8,top5.csv
2474,pHZTeb0kMCU,top5.csv
2475,FTD9aA4S5BY,top5.csv
2476,XWoaKy-8Dt0,top5.csv
2477,9xVclxa6FP8,top5.csv
2478,xAFNQoXNecw,top5.csv
2479,TfQNADWVPxI,top5.csv
2480,1KSr1TN-Pkc,top5.csv
2481,lvdjCvogA9o,top5.csv
2482,qkrxV8g0H6Q,top5.csv
2483,VSyUO6ynV_8,top5.csv
2484,6lS2nT2MX60,top6.csv
2485,Ef3cyYoN91Y,top6.csv
2486,l0taa9m-aJ0,top6.csv
2487,SD1C6mUkXEU,top6.csv
2488,VdeywUk8z0c,top6.csv
2489,b-YMGI8tfPc,top6.csv
2490,jKL86t6gqO0,top6.csv
2491,tW4S7j_9E1Y,top6.csv
2492,BWxjDsrWCaM,top6.csv
2493,7rRW_Kso6EQ,top6.csv
2494,M3eZj8oUhMI,top6.csv
2495,tMX_PU8uqt4,top6.csv
2496,dYB3JsbhvAY,top6.csv
2497,APocS9VaI8c,top6.csv
2498,FBD7GWKFEGQ,top6.csv
2499,2LaB4ZFvgF8,top6.csv
2500,DZ47symVkek,top6.csv
2501,FB5pdxMsp_I,top6.csv
2502,XBwd9Wz5RhM,top6.csv
2503,ikKOlDLpiRs,top6.csv
2504,ZigtZf_6p2s,top6.csv
2505,6NHoizokANI,top6.csv
2506,P3NwjsAxCzI,top6.csv
2507,5e82P6uEB10,top6.csv
2508,5j7iRrxrGxc,top6.csv
2509,vpFabvnDF48,top6.csv
2510,ZAPCVOOS7ec,top6.csv
2511,7KZ0Muhewjs,top6.csv
2512,UA4FP7TELxg,top6.csv
2513,v8uyX__vI5o,top6.csv
2514,mDk4eTLWGNY,top6.csv
2515,pJ5ZHwzs1Jw,top6.csv
2516,D87WFYBj0MM,top6.csv
2517,6vTZD1Fsujw,top6.csv
2518,o-DhlhpUPyg,top6.csv
2519,eP884k_FSpw,top6.csv
2520,zoBmX3-7SD8,top6.csv
2521,gu-oxKTeGoc,top6.csv
2522,JGJG-dYnYxk,top6.csv
2523,NeJ_MbixFiA,top6.csv
2524,FOw6eZP_kfI,top6.csv
2525,oaM7eDZatrc,top6.csv
2526,8R4_AlCazZs,top6.csv
2527,BGkIIfY5aP4,top6.csv
2528,DUXIaF8MHI4,top6.csv
2529,eJFKxk_s2UU,top6.csv
2530,BR_7QBReBGg,top6.csv
2531,1-2j0HDl1QI,top6.csv
2532,yjT7bSdwUMg,top7.csv
2533,Dwtj8BTe9JM,top7.csv
2534,lPe4vmjY6Fk,top7.csv
2535,yrMn30TS1ck,top7.csv
2536,547hq3ob7Ys,top7.csv
2537,fEToX9znPm0,top7.csv
2538,jJp5wK2nMmc,top7.csv
2539,hJhyqBZZM2A,top7.csv
2540,ignLfNkiHVo,top7.csv
2541,-WjcsTxKYYY,top7.csv
2542,-_22Mm6D-ag,top7.csv
2543,Dd1cEeOgolI,top7.csv
2544,LsExI5Dr09k,top7.csv
2545,AF_0LLKblSc,top7.csv
2546,MjniJK6rA90,top7.csv
2547,sQW2n0xfdbo,top7.csv
2548,hI6ZBtOE-ik,top7.csv
2549,5lHprBupBXU,top7.csv
2550,R6Yj7PkD4bQ,top7.csv
2551,TK7KFwgQBAc,top7.csv
2552,nI6xj8wEDsk,top7.csv
2553,nGdRCTkc4a8,top7.csv
2554,UAjbsuNL6Cw,top7.csv
2555,JpTsxN6Plec,top7.csv
2556,_kwrdk207jA,top7.csv
2557,Rw4kbsQhSds,top7.csv
2558,qoFeVMWqTtw,top7.csv
2559,RX8j40qQKJA,top7.csv
2560,xLu3sy0rQ8s,top7.csv
2561,SDsohEl_bm4,top7.csv
2562,aJRysFUzXv4,top7.csv
2563,hXvMHF3sakY,top7.csv
2564,T7csw8l9_Mo,top7.csv
2565,iU98HPLfEtc,top7.csv
2566,CEGXzYd4JeM,top7.csv
2567,yPmv9Br25Ug,top7.csv
2568,dhRWh5yE3lU,top7.csv
2569,PCdkB2qCUwk,top7.csv
2570,RMLnzMAGxag,top7.csv
2571,9Kqh5zvnWAs,top7.csv
2572,u3MZDsb5YxU,top7.csv
2573,bi6JvcY07H0,top7.csv
2574,p8xCFQrexl0,top7.csv
2575,diyh4Ty2D9M,top7.csv
2576,oSkWGhWbfGM,top7.csv
2577,Vbk6fHSmRQg,top7.csv
2578,OsfmJKMwi4g,top7.csv
2579,COUk3MyztZ4,top7.csv
2580,Ofolw9OUYM0,top7.csv
2581,TKKF94BQma8,top8.csv
2582,MD6ef03NaW0,top8.csv
2583,T-EoobfpLxY,top8.csv
2584,zR6T9mGVZyI,top8.csv
2585,AI-GUn1W8J4,top8.csv
2586,w5TLfxD8uC0,top8.csv
2587,uE_Fx4E_g5g,top8.csv
2588,MfO9PIuYw0E,top8.csv
2589,d-MUM7UWEZM,top8.csv
2590,JoWtY1CV--Q,top8.csv
2591,rw7r1dtscIM,top8.csv
2592,7oItlQR2yG4,top8.csv
2593,7wZBEbOW-ho,top8.csv
2594,QpLQkuRKyB4,top8.csv
2595,_tj7s7BskkM,top8.csv
2596,NxLRuS1PW28,top8.csv
2597,qM_bC_Km8ZU,top8.csv
2598,3WAHEyjtD3Y,top8.csv
2599,C0XxHpoGUcg,top8.csv
2600,8cMuVfVs-Hs,top8.csv
2601,E_xL_URVbbk,top8.csv
2602,WXIBRoLU8-I,top8.csv
2603,wMdiUo-7YDo,top8.csv
2604,Xu9hE3oa9VU,top8.csv
2605,zBOxXV5hCVA,top8.csv
2606,ec8yHxCT_tk,top8.csv
2607,g13dSerjICk,top8.csv
2608,2BY8cUm_Tl0,top8.csv
2609,AJUKsO6eEfk,top8.csv
2610,6Ss5oA9JDBU,top8.csv
2611,YJX-9qLgLUc,top8.csv
2612,LlPB5kkuKQ4,top8.csv
2613,qAKYALv2Xds,top8.csv
2614,yluTCNrc0C4,top8.csv
2615,NtuiZ5ATC2o,top8.csv
2616,5mgLC9jJNpU,top8.csv
2617,UbB9ZsPfWTM,top8.csv
2618,tZW410F1K4w,top8.csv
2619,DcIO7Z76zJ8,top8.csv
2620,TThAciuqsWQ,top8.csv
2621,ILd_mitCQ70,top8.csv
2622,cufXvnAhtWc,top8.csv
2623,L5FarQsx6tQ,top8.csv
2624,6FKvIQKQKaI,top8.csv
2625,HaXlCXmOkJQ,top8.csv
2626,x7cHB-kYAQE,top8.csv
2627,jL5SeZDgyVI,top8.csv
2628,zlCw_q7WKmI,top8.csv
2629,oX2ynrq8ELo,top8.csv
2630,jHGyhigBdyI,top9.csv
2631,aTIdq3t0UHg,top9.csv
2632,HIoV4afakHM,top9.csv
2633,huhJyw0_IvU,top9.csv
2634,NvB7b8zxsD8,top9.csv
2635,knWuHaC5zDs,top9.csv
2636,2x7AjES7gck,top9.csv
2637,nud71ZVDzU8,top9.csv
2638,N53GsGgcdls,top9.csv
2639,s8HsVSlnKGI,top9.csv
2640,qZ1AFoS2FTQ,top9.csv
2641,5HNLIyjS9wE,top9.csv
2642,-ug2sM4W0t4,top9.csv
2643,UzpAUMTM_h4,top9.csv
2644,aYSjprZpvTM,top9.csv
2645,axJgpdIygnE,top9.csv
2646,4WRU2A3P_yg,top9.csv
2647,NnkxjrTtBSo,top9.csv
2648,6ZaZ6qowTzo,top9.csv
2649,oeMU63ifcI4,top9.csv
2650,gXNFE__AoYE,top9.csv
2651,NtJ_IezDiDs,top9.csv
2652,uI5NHccAuD8,top9.csv
2653,NWG5O8ZG1Vk,top9.csv
2654,aOPvbJfgRCQ,top9.csv
2655,Ks87GOFpphI,top9.csv
2656,PX9dkU4UCgM,top9.csv
2657,Co8JqH_7ONw,top9.csv
2658,NJLLVo-UqNw,top9.csv
2659,ZwCJUSxZxgs,top9.csv
2660,AMc7YIV_7Xc,top9.csv
2661,zcJjWNzHweQ,top9.csv
2662,efoi6jHJgK0,top9.csv
2663,4EvrUIJq65o,top9.csv
2664,srgiYRy3I6k,top9.csv
2665,Y2qu9dTCz70,top9.csv
2666,heeJ6fruBxg,top9.csv
2667,Ug2z_AUkkJ8,top9.csv
2668,d7BXyVbbP8Y,top9.csv
2669,trpS-7PluJ0,top9.csv
2670,faIBfprlcoE,top9.csv
2671,BGSpTkat31c,top9.csv
2672,Gw9o9GD0qLM,top9.csv
2673,3M5bP3o--7A,top9.csv
2674,NBEcN_wntgI,top9.csv
2675,CkaSysfy8CI,top9.csv
2676,JJ_q18d_lII,top9.csv
2677,w5vu-aOTQAg,top9.csv
